29.04.2016;130.7;132.85;126.45;126.45;1750700;126.28
28.04.2016;128.6;132.65;127.4;132.25;1969600;132.07
27.04.2016;126.6;129.95;126.1;129.45;1588200;129.28
26.04.2016;123.75;126.75;123.65;125.05;946500;124.88
25.04.2016;124.65;125;121.35;123.1;1047500;122.93
22.04.2016;125;128.1;119.3;125.45;2589700;125.28
21.04.2016;125;130;122.15;127.05;4099000;124.07
20.04.2016;112.8;122.4;112.65;120.9;3933400;118.07
19.04.2016;111.55;113.4;110.7;113.4;1206900;110.74
18.04.2016;108.1;111.65;107.35;110.85;821700;108.25
15.04.2016;111.2;111.95;109.5;109.65;958900;107.08
14.04.2016;112.4;112.7;110.55;112.3;936800;109.67
13.04.2016;109.5;112.95;109.2;111.8;1558000;109.18
12.04.2016;106.8;108.3;105.45;107.45;760000;104.93
11.04.2016;104;106.8;102.8;106.4;902000;103.91
08.04.2016;102.9;105.65;102.8;103.95;1008800;101.51
07.04.2016;104;104.55;101.7;102.35;921500;99.95
06.04.2016;103.4;104.9;101.25;103.5;1020700;101.07
05.04.2016;105.5;105.5;102.35;102.85;1406100;100.44
04.04.2016;107.75;108.55;106.4;107.15;695600;104.64
01.04.2016;111;111.35;107.05;107.7;1215400;105.18
31.03.2016;113.1;114.35;111.65;111.85;795600;109.23
30.03.2016;112.5;114.8;112.05;113.55;852900;110.89
29.03.2016;113.65;115.25;112.05;113.05;1011000;110.4
28.03.2016;114.85;114.85;114.85;114.85;0;112.16
25.03.2016;114.85;114.85;114.85;114.85;0;112.16
24.03.2016;116.9;117.1;113.6;114.85;1099800;112.16
23.03.2016;117.95;118.8;116.35;117.2;984000;114.45
22.03.2016;116;117.5;114.25;117.5;927800;114.75
21.03.2016;115.5;118.3;115;116;1263400;113.28
18.03.2016;115.1;117;114;116.5;2228200;113.77
17.03.2016;116.1;116.85;112.65;114.8;1787500;112.11
16.03.2016;113.35;115.65;113.15;114.65;963000;111.96
15.03.2016;113.25;114.6;111.65;113;988400;110.35
14.03.2016;115.3;118;115.1;115.6;1075200;112.89
11.03.2016;111.25;114.35;110.35;113.7;1264000;111.04
10.03.2016;112.7;115.9;108.85;108.85;2138800;106.3
09.03.2016;110;114.05;107.75;113.25;1800400;110.6
08.03.2016;115.7;116.4;111.25;112.3;1651200;109.67
07.03.2016;118.6;120;114.25;117.15;1599100;114.4
04.03.2016;116.1;122.4;116;121;2076300;118.16
03.03.2016;115.2;117.9;112.1;116.15;1445100;113.43
02.03.2016;114;116.15;113.25;115.7;1640400;112.99
01.03.2016;108;112.95;107.85;112.6;2139300;109.96
29.02.2016;101.8;107.7;100.9;107.7;2007000;105.18
26.02.2016;100.05;104.5;99.76;103.6;1534600;101.17
25.02.2016;100.25;100.8;97.94;99;1197600;96.68
24.02.2016;103.2;103.8;97.01;98.5;1950700;96.19
23.02.2016;105.15;106.2;102.95;103.3;879400;100.88
22.02.2016;103.55;106.7;103.25;106.35;1074300;103.86
19.02.2016;104.75;105.15;100.8;102.05;1668700;99.66
18.02.2016;105.45;107.45;103.05;105.45;1296200;102.98
17.02.2016;100.05;105.15;100.05;104.3;1304500;101.86
16.02.2016;103.05;103.7;98.78;100.15;1298800;97.8
15.02.2016;98.1;102.75;97.65;101.75;1621900;99.37
12.02.2016;95.69;96.46;94.09;95.2;1489000;92.97
11.02.2016;96.7;96.85;92.7;94;1750200;91.8
10.02.2016;96.19;99.15;95.36;97.37;1801800;95.09
09.02.2016;98;98.72;93.19;95.52;2743100;93.28
08.02.2016;104.2;104.9;97.5;97.96;2167600;95.66
05.02.2016;100.6;105.3;99.6;103.15;2138900;100.73
04.02.2016;102.5;102.6;98.86;101;1792100;98.63
03.02.2016;102.95;103.15;100.15;101.4;1738300;99.02
02.02.2016;106;106.2;103.55;103.8;1010700;101.37
01.02.2016;107.35;107.4;104;105.9;1257800;103.42
29.01.2016;110.9;111.2;105.9;106.9;1564600;104.4
28.01.2016;111.35;112.5;108.1;108.65;1373800;106.1
27.01.2016;112.4;113.5;110.4;111.85;979100;109.23
26.01.2016;108.45;112.65;107.75;112.3;1151200;109.67
25.01.2016;113.55;114;110.45;110.75;1094000;108.15
22.01.2016;113.05;114.45;111.05;112.95;1726100;110.3
21.01.2016;104.65;111;104.05;110.4;1896800;107.81
20.01.2016;106.8;108.3;103.5;104.6;2112500;102.15
19.01.2016;112.7;112.9;109.1;110.1;1405000;107.52
18.01.2016;112;115;109.95;110.35;1420400;107.76
15.01.2016;115.85;117.1;109.9;111.9;2367900;109.28
14.01.2016;119.5;120;113.25;116;2349100;113.28
13.01.2016;122;124.4;119.85;120.5;1732500;117.68
12.01.2016;118.15;123.5;118.05;120.95;1612300;118.12
11.01.2016;116.25;121.8;115.6;117.05;1796700;114.31
08.01.2016;116;119.45;114.6;115.1;1645400;112.4
07.01.2016;114.5;115.25;111.5;115;2420400;112.31
06.01.2016;121.95;123.7;115.9;118.9;2003600;116.11
05.01.2016;125;125.9;117.6;121.4;3018400;118.56
04.01.2016;130;130.1;126.05;126.4;1844800;123.44
01.01.2016;133.75;133.75;133.75;133.75;0;130.62
31.12.2015;133.75;133.75;133.75;133.75;0;130.62
30.12.2015;135.45;135.45;133.55;133.75;490400;130.62
29.12.2015;134.4;135.4;133.1;135.35;743800;132.18
28.12.2015;135.3;135.9;133;133.15;618600;130.03
25.12.2015;135.05;135.05;135.05;135.05;0;131.89
24.12.2015;135.05;135.05;135.05;135.05;0;131.89
23.12.2015;133.8;135.1;133.15;135.05;1277300;131.89
22.12.2015;133.05;134.5;131;132.1;1073100;129
21.12.2015;131.25;134.6;130.15;130.45;1632500;127.39
18.12.2015;129.65;131.85;128.65;130;3310300;126.95
17.12.2015;128.05;131.95;128;130.85;2153200;127.78
16.12.2015;126;126.75;122.6;125.5;1680100;122.56
15.12.2015;124.8;127.9;124.05;125.4;1926000;122.46
14.12.2015;130;130.85;123;123.25;2531500;120.36
11.12.2015;134.15;134.45;127.4;128.55;1760200;125.54
10.12.2015;133.75;136.65;128.45;133.25;2945100;130.13
09.12.2015;124.5;134.25;122.3;131.75;3719300;128.66
08.12.2015;127.6;128;121;124.05;1719600;121.14
07.12.2015;128.5;129.45;126.75;127.1;1121700;124.12
04.12.2015;127.95;130.1;126.1;126.9;1625800;123.93
03.12.2015;127.05;131.55;125.25;125.65;2527900;122.71
02.12.2015;129.75;129.8;123.3;126.95;2832900;123.98
01.12.2015;133;135.25;125.1;130.15;3983700;127.1
30.11.2015;124.55;131.55;122.45;131.55;4267100;128.47
27.11.2015;124.5;125.1;121.05;123.85;2158400;120.95
26.11.2015;125.45;126.55;123.35;124.6;3518000;121.68
25.11.2015;117.4;120.8;116.3;120.35;2883500;117.53
24.11.2015;112;117;111.65;115.9;4137800;113.18
23.11.2015;106.45;109.9;104.25;109.9;2963000;107.32
20.11.2015;106;108.8;105.65;108.45;1877100;105.91
19.11.2015;102.95;106.2;102.7;105.85;1885200;103.37
18.11.2015;98.7;102.1;98.37;101.4;1513400;99.02
17.11.2015;98.6;99.97;97.63;98.64;1363600;96.33
16.11.2015;96.05;99.01;96.02;97.46;1379000;95.18
13.11.2015;95.2;98.7;94.61;96.35;1708700;94.09
12.11.2015;96.4;96.87;94.55;95.39;1257700;93.15
11.11.2015;95.85;97.33;95.61;96.17;1138500;93.92
10.11.2015;96.49;96.85;94.82;95.58;1533600;93.34
09.11.2015;98;98;96;96;1775900;93.75
06.11.2015;97.5;98.25;96.55;97.18;2431600;94.9
05.11.2015;100.3;100.65;95.71;97.5;4026100;95.22
04.11.2015;102;104.1;99.12;100.45;5389200;98.1
03.11.2015;108;111;107;111;1846600;108.4
02.11.2015;109;113.3;108.5;112.7;1468700;110.06
30.10.2015;109.1;109.7;108;109.3;994900;106.74
29.10.2015;110;110.25;107.05;108.4;1563100;105.86
28.10.2015;105.5;109.95;102.65;109.35;2428300;106.79
27.10.2015;107;107.1;104.35;105.15;918600;102.69
26.10.2015;108;108.2;106.3;107;792400;104.49
23.10.2015;105.3;108.05;104.05;107.7;1645800;105.18
22.10.2015;100.5;103.85;99.68;103.8;1677000;101.37
21.10.2015;99.38;100.75;98.03;100.4;1352400;98.05
20.10.2015;99.1;100.2;97.9;98.7;1232500;96.39
19.10.2015;100.25;101.15;97.53;99.19;1893600;96.87
16.10.2015;103.5;103.75;100.1;100.6;1842100;98.24
15.10.2015;107.75;108.75;101.65;102.8;2122700;100.39
14.10.2015;105.3;110;104;106.6;2320700;104.1
13.10.2015;108.6;108.9;103.8;106.3;1883600;103.81
12.10.2015;106.6;108.9;106.05;108.55;1891400;106.01
09.10.2015;105.95;107.7;102.95;106.6;2977600;104.1
08.10.2015;105;110.75;102.4;103.5;3735300;101.07
07.10.2015;99;107.85;98.66;104;4079300;101.56
06.10.2015;93.9;98.11;90.75;97.09;3258200;94.81
05.10.2015;92;95;86.36;93.52;4019000;91.33
02.10.2015;96.84;97.51;90.7;92.36;4299500;90.2
01.10.2015;100.8;103.25;95.28;96.5;3846000;94.24
30.09.2015;100.7;101.6;95.6;97.75;3759400;95.46
29.09.2015;96.9;101.45;94.36;95.2;4578800;92.97
28.09.2015;107;107;97.35;99.3;5577300;96.97
25.09.2015;116.55;117;105;107.3;4917100;104.79
24.09.2015;116.6;120.3;111.15;112.15;7305200;109.52
23.09.2015;105;117;95.51;111.5;11570500;108.89
22.09.2015;131.2;131.6;101.35;106;14197300;103.52
21.09.2015;139.95;142.9;125.4;132.2;13754400;129.1
18.09.2015;167.05;167.3;161.65;162.4;3230700;158.59
17.09.2015;169.5;170.55;167.8;167.8;1192900;163.87
16.09.2015;170.35;171.45;168;169.65;1207200;165.67
15.09.2015;168.8;170.2;167.1;169.2;969800;165.24
14.09.2015;168.5;169.95;165.6;167.1;938700;163.18
11.09.2015;168.4;169.1;166.7;167.95;833400;164.01
10.09.2015;166.25;170;166.2;167.95;1148300;164.01
09.09.2015;171;172.45;169.55;169.75;1619300;165.77
08.09.2015;165.35;168.5;165.15;166.95;1219200;163.04
07.09.2015;163.8;164.55;162.55;162.75;598900;158.94
04.09.2015;164.8;166.05;160.8;162.2;1454400;158.4
03.09.2015;164.5;167.9;164;166.7;1673300;162.79
02.09.2015;164.7;165.8;162.25;163;1410700;159.18
01.09.2015;167;167.3;163.15;164.35;1604000;160.5
31.08.2015;169.8;170.8;168.1;169.5;896000;165.53
28.08.2015;172.7;172.95;169.35;171.35;967300;167.33
27.08.2015;172.8;174.05;170.8;172.2;1694500;168.17
26.08.2015;167;170.85;164.65;168.3;1965100;164.36
25.08.2015;161.9;170.8;160.15;169.1;3733300;165.14
24.08.2015;161.4;164.6;154;159.7;4576300;155.96
21.08.2015;166;170.8;165.05;166.95;2685200;163.04
20.08.2015;171;173.35;168.55;169.5;2006100;165.53
19.08.2015;175.05;176.2;172.7;173.25;1414600;169.19
18.08.2015;177.25;178.35;175.8;176.55;827600;172.41
17.08.2015;180.2;181.7;176.1;177.95;1027500;173.78
14.08.2015;178.8;180.9;177.45;178.85;987200;174.66
13.08.2015;181.35;181.9;177.85;178.45;1345900;174.27
12.08.2015;180.05;180.6;176.75;177.8;2217300;173.63
11.08.2015;188.9;189.05;183.1;183.8;1812700;179.49
10.08.2015;191.2;191.6;187.6;190.85;762400;186.38
07.08.2015;186.5;190.35;186.15;189.15;899500;184.72
06.08.2015;188.5;192.6;187;187.55;986000;183.16
05.08.2015;185.55;190.95;185.5;188.65;1972800;184.23
04.08.2015;183.7;184.75;182.35;183.75;925700;179.44
03.08.2015;182.35;184.5;179.4;184.5;1348300;180.18
31.07.2015;185.25;185.3;181.25;182.4;1746100;178.13
30.07.2015;186;186.4;182.85;184.95;1256300;180.62
29.07.2015;193.5;193.6;182.4;186.35;2338100;181.98
28.07.2015;187.55;190.9;186.7;190.8;1533600;186.33
27.07.2015;188.7;190.25;185.25;186.2;1552800;181.84
24.07.2015;194.35;195.1;188.75;189.8;1781400;185.35
23.07.2015;198;198.9;193.85;195.1;1049900;190.53
22.07.2015;196.5;196.8;192.45;195.5;1319200;190.92
21.07.2015;199.2;200.3;197.2;197.5;818800;192.87
20.07.2015;199.6;199.85;196.9;198.35;1191100;193.7
17.07.2015;202.7;203.3;199.65;200;1147700;195.31
16.07.2015;201;204.75;196.35;200.9;1949600;196.19
15.07.2015;198;198.9;196.1;197.9;1647100;193.26
14.07.2015;205.05;205.45;198.4;200.8;1765600;196.09
13.07.2015;208.5;210.9;204.65;205.8;1661400;200.98
10.07.2015;209.4;209.45;202.3;205.8;1615700;200.98
09.07.2015;201.45;205.85;200.85;203.7;1108300;198.93
08.07.2015;204;204.35;198.7;199.35;2250100;194.68
07.07.2015;209.95;210.75;203.15;204.7;1348300;199.9
06.07.2015;208.55;211.9;208;209.7;876900;204.79
03.07.2015;213.75;214.55;211.15;212.7;574900;207.72
02.07.2015;217.65;218;212.85;213.45;699100;208.45
01.07.2015;210.8;218.6;209.6;216.25;1721500;211.18
30.06.2015;210.7;213;207.85;208;1530600;203.13
29.06.2015;208.4;216;208;211.9;1472100;206.93
26.06.2015;216.7;221.55;215.6;219.35;783500;214.21
25.06.2015;215.05;220.25;215;218.65;945300;213.53
24.06.2015;220;220.85;215.2;218.4;1122100;213.28
23.06.2015;219;222.85;218.35;220.2;1163000;215.04
22.06.2015;215.55;218.95;214.2;217.9;1390200;212.79
19.06.2015;211;213.75;209.25;210;1675100;205.08
18.06.2015;206.3;210.5;203.65;210.25;1387900;205.32
17.06.2015;210.5;210.9;206.65;207.35;942300;202.49
16.06.2015;207.1;210.35;205.1;209.8;1104800;204.88
15.06.2015;209.75;211.35;206;208.75;1017900;203.86
12.06.2015;215.2;218.4;210.45;213.4;1046400;208.4
11.06.2015;217.05;219.95;215.25;216.75;1118200;211.67
10.06.2015;213;219.3;210.6;217.95;1324500;212.84
09.06.2015;209.75;213.2;206.15;212.65;1377900;207.67
08.06.2015;213.5;214.45;209.55;210.75;980500;205.81
05.06.2015;216.3;216.7;213;213.9;1209200;208.89
04.06.2015;216.9;220;213.35;217.65;982600;212.55
03.06.2015;216.7;221.6;215.4;217.8;878700;212.7
02.06.2015;221.35;221.35;215.65;216.95;1116200;211.87
01.06.2015;222.1;222.8;218.1;220.35;918700;215.19
29.05.2015;227.5;228.05;220.5;221;1101500;215.82
28.05.2015;228;229.85;225.1;226.85;746200;221.53
27.05.2015;226.7;230.05;224.3;229.4;809900;224.02
26.05.2015;230.7;232.9;225.45;226.35;845800;221.05
25.05.2015;229.95;229.95;229.95;229.95;0;224.56
22.05.2015;230.3;231.3;228.05;229.95;638100;224.56
21.05.2015;232.3;232.35;227.25;230.5;956300;225.1
20.05.2015;233;234.8;231.1;232.6;767800;227.15
19.05.2015;225.25;233.85;225;233.2;1744700;227.74
18.05.2015;216.25;224.05;215.5;222.35;1397900;217.14
15.05.2015;222;222.65;213.9;215.7;1256600;210.65
14.05.2015;216.7;221.3;213.4;220.85;745000;215.68
13.05.2015;221.9;223.2;216.6;218.1;1150200;212.99
12.05.2015;226.8;226.95;219.6;220.55;1597000;215.38
11.05.2015;231.45;231.8;226.9;227.3;947300;221.97
08.05.2015;228.55;232;225.75;232;1360100;226.56
07.05.2015;219.5;226.8;219.1;225;1215900;219.73
06.05.2015;225.4;226.45;216.45;220.8;1887700;215.63
05.05.2015;230;235.65;227.65;228.5;1458500;218.4
04.05.2015;232;233.05;227.4;230.85;1123500;220.65
01.05.2015;231.45;231.45;231.45;231.45;0;221.22
30.04.2015;230.8;234.25;227.65;231.45;1461100;221.22
29.04.2015;245.5;245.5;229.45;230.75;1833300;220.55
28.04.2015;248.75;248.75;240.15;240.3;1248600;229.68
27.04.2015;243.4;245.45;239.4;245.45;2295300;234.6
24.04.2015;231.7;234.7;229.3;233.05;1433400;222.75
23.04.2015;227.95;229.25;223.95;228.55;1610900;218.45
22.04.2015;228;230.2;225.4;226.65;1388300;216.63
21.04.2015;231.5;232.4;227.55;228;1930700;217.92
20.04.2015;235.75;237.85;230.3;230.8;1407600;220.6
17.04.2015;237.1;243.8;234.5;235;1727300;224.61
16.04.2015;243.65;244;237.35;237.65;1222300;227.15
15.04.2015;247.4;248.75;242.55;242.7;979100;231.97
14.04.2015;248;249;244.9;246.45;876700;235.56
13.04.2015;247.8;251.35;247;248.65;1030100;237.66
10.04.2015;250.6;254.5;248.35;253.2;943600;242.01
09.04.2015;246.85;249.7;244.9;249.6;801000;238.57
08.04.2015;244.95;245.25;241.2;244.35;799900;233.55
07.04.2015;246.7;246.7;243.45;244.7;746700;233.88
06.04.2015;243.8;243.8;243.8;243.8;0;233.02
03.04.2015;243.8;243.8;243.8;243.8;0;233.02
02.04.2015;244.65;245.75;242.65;243.8;704400;233.02
01.04.2015;246.6;248.1;243.2;244.65;1574400;233.84
31.03.2015;250;250.7;245.15;247.85;984400;236.89
30.03.2015;245.6;249.9;244.75;249.9;774200;238.85
27.03.2015;246;247.9;241.5;244.6;1162100;233.79
26.03.2015;240.45;243.8;237.05;243.3;1593300;232.55
25.03.2015;246;248.9;243.7;244;900100;233.21
24.03.2015;239.8;246.2;236.6;245.3;1103000;234.46
23.03.2015;249.7;249.8;240.55;240.8;1237400;230.16
20.03.2015;248.3;252.25;246.9;250.05;2024000;239
19.03.2015;244.5;248.5;241.4;248;1208000;237.04
18.03.2015;254.5;255.85;239.55;244.5;2110400;233.69
17.03.2015;259.5;262.45;249.55;252.45;2288100;241.29
16.03.2015;249.35;256;249.05;255.2;1443100;243.92
13.03.2015;243;247.75;241.75;247.75;1009900;236.8
12.03.2015;243.15;243.65;238.35;241.4;1265900;230.73
11.03.2015;233.5;243.4;232.9;242.25;1559100;231.54
10.03.2015;233.1;233.6;228.4;231.3;1020300;221.08
09.03.2015;228.8;232.2;226.75;232.2;988800;221.94
06.03.2015;226.8;229.85;225.75;229.85;999400;219.69
05.03.2015;225.8;226.8;223.45;225.65;972700;215.68
04.03.2015;222.8;224.3;217.35;224.2;1113800;214.29
03.03.2015;227.45;227.45;220.45;221.6;920200;211.8
02.03.2015;227;229.5;225.05;227;1190900;216.97
27.02.2015;225.5;228.55;211.65;225.5;2390000;215.53
26.02.2015;222.5;224.95;222.5;224.9;800800;214.96
25.02.2015;226.1;227;221.4;223;987500;213.14
24.02.2015;228.1;229;224.15;226.1;1009500;216.11
23.02.2015;227.5;229.1;227;228.65;920600;218.54
20.02.2015;222.5;226.4;222.05;225;1603300;215.05
19.02.2015;216.5;223.15;216.3;223.15;1394900;213.29
18.02.2015;214;217.15;213.45;217.15;867600;207.55
17.02.2015;211.35;213.55;209;212.35;975200;202.96
16.02.2015;212.6;214.45;211.2;213.85;648900;204.4
13.02.2015;215.05;216.3;212.5;212.65;1002000;203.25
12.02.2015;210.8;215.3;210.15;214.45;1223000;204.97
11.02.2015;208.6;210.35;207.9;210.25;753800;200.96
10.02.2015;207.5;209.45;203.7;209.1;1265600;199.86
09.02.2015;211.15;211.75;206.85;207.5;1241400;198.33
06.02.2015;212.4;214.95;210.05;214.25;1054900;204.78
05.02.2015;208.3;215;207.95;212.7;1314800;203.3
04.02.2015;207.4;209.8;206.2;209.8;1176800;200.53
03.02.2015;203.05;209.15;202.5;207.1;1488200;197.95
02.02.2015;199.1;202.25;199.1;202.25;1008900;193.31
30.01.2015;204.75;204.95;193.65;198.3;2021500;189.53
29.01.2015;202.6;205.65;201.9;204.15;940200;195.13
28.01.2015;203.5;204.8;201.15;204.2;1086200;195.17
27.01.2015;205;206;200.55;201.95;1189300;193.02
26.01.2015;201.9;205.9;201.2;205.25;1230100;196.18
23.01.2015;199.1;205.2;199.1;203.8;2279700;194.79
22.01.2015;195.2;199.4;193.9;198.1;2053600;189.34
21.01.2015;193;195.6;190.75;194.55;1418100;185.95
20.01.2015;193.1;194.15;191.8;193.05;889200;184.52
19.01.2015;192;194.1;191.15;192.65;1054600;184.13
16.01.2015;186;192;185.25;191.8;1726700;183.32
15.01.2015;185.25;187.8;179.7;186.5;1782300;178.26
14.01.2015;183.9;186.55;182.45;183.55;995300;175.44
13.01.2015;182.1;186.5;181;185.8;1154900;177.59
12.01.2015;179.95;182.3;177.8;181.75;1132900;173.72
09.01.2015;183;185;179.7;180.9;998600;172.9
08.01.2015;180.65;184.7;179;183.85;976700;175.72
07.01.2015;178.8;180.3;176.85;178.5;692200;170.61
06.01.2015;177;180.2;174.3;177.4;1030800;169.56
05.01.2015;181.2;181.4;175.5;176.3;1135300;168.51
02.01.2015;184.5;185.5;180.6;182.5;641900;174.43
01.01.2015;184.65;184.65;184.65;184.65;0;176.49
31.12.2014;184.65;184.65;184.65;184.65;0;176.49
30.12.2014;185.3;186.15;184.5;184.65;301300;176.49
29.12.2014;186.4;187.5;183.65;186.6;491300;178.35
26.12.2014;187.1;187.1;187.1;187.1;0;178.83
25.12.2014;187.1;187.1;187.1;187.1;0;178.83
24.12.2014;187.1;187.1;187.1;187.1;0;178.83
23.12.2014;185.8;187.1;185.05;187.1;370200;178.83
22.12.2014;186.8;187.3;184.7;185.95;462100;177.73
19.12.2014;187;187.75;184.1;185.25;1728100;177.06
18.12.2014;181.05;185.45;180.5;184.55;1494600;176.39
17.12.2014;176.45;178.65;175.65;177.95;844300;170.08
16.12.2014;175.9;179.1;172.1;178.55;2012100;170.66
15.12.2014;181.7;182.8;174.2;175.1;1458700;167.36
12.12.2014;185.5;185.9;181.15;181.65;1017300;173.62
11.12.2014;182.2;187.35;181.7;186.45;1287600;178.21
10.12.2014;183.7;185.1;182.5;182.85;696400;174.77
09.12.2014;183.5;186.25;182.85;183.1;886900;175.01
08.12.2014;187.8;188.75;186.25;186.25;517400;178.02
05.12.2014;184.35;188.75;184.35;188.05;929000;179.74
04.12.2014;184.75;188.1;182.35;182.55;1117200;174.48
03.12.2014;184.15;185.35;182.6;184.5;516300;176.34
02.12.2014;185.7;186.3;183.15;183.8;765500;175.68
01.12.2014;183.85;185.45;183.8;184.7;603000;176.54
28.11.2014;184.9;185.3;183.6;185.2;853000;177.01
27.11.2014;183.15;184.55;181.95;184.45;659000;176.3
26.11.2014;183.95;184.35;181.75;182.65;871300;174.58
25.11.2014;179.75;184.35;179.3;183.3;1630900;175.2
24.11.2014;177.5;180.65;176.7;179.95;1110300;172
21.11.2014;175.45;178.75;174.55;177.95;1854200;170.08
20.11.2014;174.65;174.65;172.2;174.4;598200;166.69
19.11.2014;174.8;175;172.85;174;684100;166.31
18.11.2014;171.85;175.05;171.3;174.35;1173300;166.64
17.11.2014;168.35;171.2;167.55;170.8;692400;163.25
14.11.2014;169.4;171.1;168.4;169.95;880400;162.44
13.11.2014;170;170.45;167.2;168.5;655000;161.05
12.11.2014;171;171.05;168.25;169.05;828600;161.58
11.11.2014;172;172.35;170.35;171.6;676500;164.01
10.11.2014;170.9;172.7;169.4;172.05;571800;164.44
07.11.2014;174.7;174.7;170.3;171.15;978600;163.58
06.11.2014;170.55;174.7;170.55;173.45;1308200;165.78
05.11.2014;169;171.85;169;170.9;830400;163.35
04.11.2014;169.85;171.7;168;168.6;916300;161.15
03.11.2014;170.45;170.85;168.5;169.75;873400;162.25
31.10.2014;169.7;171.2;168.65;170.05;1529000;162.53
30.10.2014;167.9;169.95;162.25;165.15;2162200;157.85
29.10.2014;162.05;163.85;161.7;162.1;843600;154.93
28.10.2014;159.85;161.5;158.9;160.9;773200;153.79
27.10.2014;162;162;155.75;158.35;1536100;151.35
24.10.2014;161.2;162.85;159.55;160.45;826200;153.36
23.10.2014;159.4;162.3;157.5;161.3;978200;154.17
22.10.2014;160.9;161.15;158.55;159.9;912000;152.83
21.10.2014;156.25;161.35;155.2;159.3;1460300;152.26
20.10.2014;159.75;159.95;156;156.95;1204600;150.01
17.10.2014;154.95;160.55;154.75;160;2721400;152.93
16.10.2014;151.7;154.65;147.4;153.1;2950500;146.33
15.10.2014;156;156.05;149.25;150.25;1660200;143.61
14.10.2014;152.65;157.3;151.9;155.3;1693800;148.44
13.10.2014;149.5;154.25;148.5;153.2;1343600;146.43
10.10.2014;154.6;154.6;150.4;150.95;1975300;144.28
09.10.2014;156.75;158.55;155.1;155.6;1105800;148.72
08.10.2014;156.45;157.1;154.9;155.3;1425500;148.44
07.10.2014;156.3;158.65;154.5;157.05;1541500;150.11
06.10.2014;160.65;161.35;156.35;157;1279600;150.06
03.10.2014;157.65;157.65;157.65;157.65;0;150.68
02.10.2014;160.8;162.2;157.55;157.65;1612200;150.68
01.10.2014;164.6;165.8;159.55;160.7;1560100;153.6
30.09.2014;163.25;164.75;162.2;164.4;1208300;157.13
29.09.2014;166.95;167.45;163.65;164.9;896000;157.61
26.09.2014;166.3;166.85;165.05;166.3;942000;158.95
25.09.2014;170;171.4;165.55;166.55;1458500;159.19
24.09.2014;171.2;171.4;168.85;170.15;1126700;162.63
23.09.2014;175;175.25;170.15;170.8;1328100;163.25
22.09.2014;175.6;175.7;173.2;174.05;813200;166.36
19.09.2014;177.4;178.4;176.3;176.3;2287400;168.51
18.09.2014;174.5;176.35;173.6;175.8;658600;168.03
17.09.2014;175.65;175.75;174.15;174.3;569200;166.6
16.09.2014;175.75;175.8;173.65;174.45;652400;166.74
15.09.2014;175;175.95;174.6;175.35;487000;167.6
12.09.2014;176.7;176.9;174.45;175.5;503700;167.74
11.09.2014;176.8;176.8;174.3;176.3;525600;168.51
10.09.2014;176.7;177.15;174.85;175.95;915700;168.17
09.09.2014;179.8;180.4;176.4;177.4;851700;169.56
08.09.2014;180.3;180.6;178.7;179.55;523500;171.61
05.09.2014;178;180.45;177.4;179.4;1097900;171.47
04.09.2014;174.95;178.25;173.6;177.35;1090300;169.51
03.09.2014;172.5;175.55;171.9;174.1;1054300;166.4
02.09.2014;172.4;173.2;171.4;171.55;940400;163.97
01.09.2014;171;171;168.4;170;599100;162.49
29.08.2014;172.5;173.15;169.1;170.85;855800;163.3
28.08.2014;173.95;174.15;170.35;172.05;751900;164.44
27.08.2014;175.85;176;173.35;174.2;620100;166.5
26.08.2014;174.45;175.45;172.75;175.2;590100;167.46
25.08.2014;174.6;175.25;173.05;174.35;479800;166.64
22.08.2014;173.1;173.95;171.55;172.1;723100;164.49
21.08.2014;172.45;173.7;171.7;172.75;660700;165.11
20.08.2014;170.7;171.85;169.9;171.6;758300;164.01
19.08.2014;167.9;170.9;167.8;170.15;879100;162.63
18.08.2014;168;168.75;166.7;167.1;622500;159.71
15.08.2014;168;169.45;164.2;165.5;1074100;158.18
14.08.2014;167.55;168.55;165.75;167.9;647300;160.48
13.08.2014;169.05;169.35;167.25;167.9;715100;160.48
12.08.2014;169;169.25;166.95;167.7;712200;160.29
11.08.2014;168.3;169.5;166.75;168.5;916000;161.05
08.08.2014;162.5;166.4;162.5;165.5;1568300;158.18
07.08.2014;168.4;169.85;165.9;166.7;1092300;159.33
06.08.2014;168.3;169.1;164.55;168.4;1517800;160.96
05.08.2014;173.95;174.15;168.55;170;1169000;162.49
04.08.2014;174.25;174.85;172.05;172.8;757100;165.16
01.08.2014;175;175.1;170.6;173.05;1312400;165.4
31.07.2014;177.4;179.35;173.2;174.55;1628300;166.83
30.07.2014;177.55;178.5;174.8;175.7;938600;167.93
29.07.2014;176.4;178;173.65;177.15;1121800;169.32
28.07.2014;180.3;180.5;174.85;176.1;1383400;168.32
25.07.2014;182.55;182.65;179.2;180;788700;172.04
24.07.2014;184;184.35;182.2;183.35;629600;175.25
23.07.2014;182.75;184.7;182.3;183.75;785400;175.63
22.07.2014;183.15;183.4;181.8;182.3;620500;174.24
21.07.2014;183.25;183.35;180.45;181.35;675800;173.33
18.07.2014;183.5;184.8;182.05;183.5;1260000;175.39
17.07.2014;188.2;189.05;183.15;185;1462400;176.82
16.07.2014;187.85;189.7;186.7;189.1;631900;180.74
15.07.2014;186.75;190.1;185.55;186.5;906200;178.26
14.07.2014;187;187.2;185.25;186.55;477400;178.3
11.07.2014;185.25;186.7;184.85;185.35;690200;177.16
10.07.2014;185.2;185.55;181.8;184.4;1036600;176.25
09.07.2014;185.75;186.2;183.8;184.5;824100;176.34
08.07.2014;189.6;189.6;184.65;185;1230000;176.82
07.07.2014;191.6;193;188.75;188.8;679600;180.45
04.07.2014;192.25;192.8;191.4;191.95;345100;183.47
03.07.2014;191;192.75;190.2;192.5;1077000;183.99
02.07.2014;193;194.5;192.5;192.8;678000;184.28
01.07.2014;193;193.1;190.4;192.25;703500;183.75
30.06.2014;191.25;192.15;190.25;191.8;616900;183.32
27.06.2014;191.75;192.3;190.25;191;579200;182.56
26.06.2014;193.3;193.75;189.9;190.6;743700;182.17
25.06.2014;194.05;194.25;191.35;192.75;710700;184.23
24.06.2014;195.75;196.15;193.8;194.35;580300;185.76
23.06.2014;197.5;197.5;194.25;195.1;621700;186.48
20.06.2014;197.2;197.9;195.9;196.85;1803300;188.15
19.06.2014;197.25;197.85;196.7;197.55;840800;188.82
18.06.2014;196.5;196.95;195.25;195.6;589200;186.95
17.06.2014;195.5;197.4;194.9;195.95;641000;187.29
16.06.2014;195.05;195.8;193.8;195.15;661300;186.52
13.06.2014;197.3;197.55;193.6;196.35;824500;187.67
12.06.2014;196.05;197.65;195.85;197.35;1838200;188.63
11.06.2014;195.5;196.4;193.5;196.35;910900;187.67
10.06.2014;195.6;196.65;194.8;195.5;733000;186.86
09.06.2014;196.75;197.9;195.75;197;382400;188.29
06.06.2014;196.35;197.35;194.55;196.95;994600;188.24
05.06.2014;192.5;195.7;191.75;195.7;1587100;187.05
04.06.2014;192.45;193.5;191.8;192.8;2225900;184.28
03.06.2014;195.6;196.2;194.65;195.65;538200;187
02.06.2014;196.3;196.65;194.85;195.65;394800;187
30.05.2014;195.3;196.15;194.7;195;488300;186.38
29.05.2014;194;195.65;194;195.3;288800;186.67
28.05.2014;195.95;195.95;193.5;194.7;523700;186.09
27.05.2014;195.85;197.15;195;195;698500;186.38
26.05.2014;194;195.75;193.95;195.1;547900;186.48
23.05.2014;191.45;193.45;190.6;192.85;600600;184.33
22.05.2014;191.5;192.2;190.35;190.85;534800;182.41
21.05.2014;190;191.7;189.65;190.85;645400;182.41
20.05.2014;190.2;191.6;189.1;190.15;730600;181.74
19.05.2014;188.3;190.65;185.9;189.85;677600;181.46
16.05.2014;189.05;190.35;187.05;188.1;1095900;179.79
15.05.2014;189.35;191.5;186.65;187.7;1046600;179.4
14.05.2014;189.2;191.35;188.5;188.75;1102200;180.41
13.05.2014;191.35;195;190.7;191.65;1570700;179.3
12.05.2014;190.8;192.1;190;191.8;555800;179.44
09.05.2014;191.65;192.2;190.05;190.8;834300;178.5
08.05.2014;189.35;191.9;188.85;191.45;781200;179.11
07.05.2014;187.75;189.9;187.4;187.9;729600;175.79
06.05.2014;191.7;192;187.8;188.95;690400;176.77
05.05.2014;190.45;191;187.75;190.8;605700;178.5
02.05.2014;194.05;195.7;190.2;190.8;934700;178.5
30.04.2014;191.7;195.2;191.4;194.1;905800;181.59
29.04.2014;197.15;197.85;191.4;192.3;1741000;179.91
28.04.2014;194.55;195.55;192.4;194.55;614900;182.01
25.04.2014;194.1;195.1;191.65;193.2;712000;180.75
24.04.2014;197.05;197.45;192.75;196.25;841800;183.6
23.04.2014;198.95;199.45;194.85;195.95;858800;183.32
22.04.2014;197.15;199;196.35;198.55;732500;185.75
17.04.2014;193.15;196.25;192.8;195.75;1000400;183.13
16.04.2014;191.1;194.6;190.4;193.65;858000;181.17
15.04.2014;192.5;192.75;188.75;189.25;856100;177.05
14.04.2014;191.8;193.7;191.35;192.4;976600;180
11.04.2014;194;195.35;192.15;194.45;1073800;181.92
10.04.2014;197.15;199.9;196.25;196.25;1282200;183.6
09.04.2014;194;197.9;193.45;196.7;1824500;184.02
08.04.2014;189.9;191.35;187.55;189.9;883000;177.66
07.04.2014;189.65;190.4;188.1;189.7;795900;177.47
04.04.2014;191.45;192.5;190.15;191.7;684100;179.34
03.04.2014;191;192.6;189.9;190.7;793300;178.41
02.04.2014;192.8;193.95;190.45;191;950900;178.69
01.04.2014;189.35;192.45;188.85;191.65;902700;179.3
31.03.2014;189.5;190.95;187.6;188.1;780700;175.98
28.03.2014;185.6;188.85;185.05;188.65;1060500;176.49
27.03.2014;183.05;185;182.6;184.25;567700;172.37
26.03.2014;181.55;184.65;181.45;183.55;967700;171.72
25.03.2014;178.55;181;178.5;180.95;762400;169.29
24.03.2014;180;181;177.6;177.95;787300;166.48
21.03.2014;181.1;181.65;179;179.95;1482400;168.35
20.03.2014;180;180.9;178.25;180.85;960400;169.19
19.03.2014;180.55;184.2;180.1;181.8;980500;170.08
18.03.2014;180;183.05;178.15;180.4;899800;168.77
17.03.2014;177.5;180.55;176.15;180.3;975400;168.68
14.03.2014;177;179.25;174.9;177.75;1433000;166.29
13.03.2014;181.35;188.55;178.75;178.9;2315100;167.37
12.03.2014;180.6;182.15;176.8;180.45;1227000;168.82
11.03.2014;179.95;182.2;179.75;181.25;949700;169.57
10.03.2014;182.35;183.4;177.7;178.9;1487200;167.37
07.03.2014;186.35;187;183.25;183.55;829500;171.72
06.03.2014;186.8;187.5;184.8;186.25;897100;174.25
05.03.2014;187.6;188.25;185.6;185.6;825500;173.64
04.03.2014;185.8;188.45;185.05;187.15;1068400;175.09
03.03.2014;184.15;186.8;182.6;183.2;1289900;171.39
28.02.2014;189.35;189.65;187.55;189;791500;176.82
27.02.2014;189.5;190.35;186.25;188.35;888300;176.21
26.02.2014;191.35;191.8;189;189;1055200;176.82
25.02.2014;189.45;191.35;187.95;190.1;1618200;177.85
24.02.2014;186.65;188.4;184.95;187.9;4410200;175.79
21.02.2014;199.95;201.1;198.7;201;1223700;188.05
20.02.2014;197.1;198.95;196.25;198;1350100;185.24
19.02.2014;201.15;203;199.05;201.1;778300;188.14
18.02.2014;202.45;202.65;199;202.1;850100;189.07
17.02.2014;202;203;200.9;202.65;422400;189.59
14.02.2014;199.75;202.55;199;202.1;883300;189.07
13.02.2014;197.85;199.9;196.05;199.9;892100;187.02
12.02.2014;196;200.05;195.95;198.35;1285000;185.57
11.02.2014;188.5;194.75;188.45;194.7;1133500;182.15
10.02.2014;189.45;190.7;187.75;189.7;871100;177.47
07.02.2014;188;189.1;186.1;187.95;911500;175.84
06.02.2014;186.65;188.6;184.6;186.6;1433800;174.57
05.02.2014;183.5;188.55;183.15;184.6;1165300;172.7
04.02.2014;181.2;185.35;179.15;183.4;1413600;171.58
03.02.2014;188.15;190.05;184.95;185.5;927200;173.54
31.01.2014;190.5;190.5;185.25;188.05;1144000;175.93
30.01.2014;192.65;192.75;187.95;190.15;1020000;177.89
29.01.2014;198;198.1;188.45;191.7;1271700;179.34
28.01.2014;194.1;196.3;193.5;195.55;959700;182.95
27.01.2014;192.75;194;188.15;192.6;1097000;180.19
24.01.2014;198.7;199.6;192.85;193.3;1303100;180.84
23.01.2014;200.1;202.4;198.05;198.25;770800;185.47
22.01.2014;203.6;203.9;200.25;201.3;681100;188.33
21.01.2014;203.5;204.3;202.2;202.6;529000;189.54
20.01.2014;202.05;203.55;201.85;203.3;394200;190.2
17.01.2014;203.25;204.35;201.85;203.35;939400;190.24
16.01.2014;203.5;204.35;201.3;202.35;750700;189.31
15.01.2014;199.7;203.75;198.55;202.7;1057300;189.64
14.01.2014;196;199.5;194.55;197.8;1447000;185.05
13.01.2014;202.7;204.45;202;202.6;678400;189.54
10.01.2014;200.3;203.9;199.95;202.05;726600;189.03
09.01.2014;200;202.05;198.9;199.45;735700;186.6
08.01.2014;200.2;200.4;198.7;200.15;470800;187.25
07.01.2014;198.95;200.75;197.5;200;582400;187.11
06.01.2014;200.15;200.8;197.05;198.75;571800;185.94
03.01.2014;200.75;201.55;199.85;200.5;651500;187.58
02.01.2014;204.85;205;199.65;200.5;1112600;187.58
30.12.2013;204;204.5;203.35;204.15;302100;190.99
27.12.2013;202.85;204.2;202.75;204;505100;190.85
23.12.2013;200;201.95;199.85;201.45;508800;188.47
20.12.2013;198.5;200;197.9;199.25;2258100;186.41
19.12.2013;197.9;199;197.05;198;784000;185.24
18.12.2013;194.8;196.9;194.4;195.7;972100;183.09
17.12.2013;192.7;194.5;192.55;193.4;598700;180.94
16.12.2013;189.4;193.6;188.5;192.6;817600;180.19
13.12.2013;190.2;190.45;188.9;189.85;622300;177.61
12.12.2013;189.5;191;188.65;189.7;839200;177.47
11.12.2013;189.5;191.1;188;190.4;817700;178.13
10.12.2013;193.05;193.8;190.05;190.6;846900;178.32
09.12.2013;194.6;194.8;192.65;193.7;486500;181.22
06.12.2013;192;194.55;191.35;193.45;741300;180.98
05.12.2013;191.15;192.9;190.85;191.1;744400;178.78
04.12.2013;193.25;194.15;191.15;192.25;883200;179.86
03.12.2013;196.25;196.65;191.9;192.3;1090400;179.91
02.12.2013;195.75;197.25;194.45;196.7;560700;184.02
29.11.2013;194.9;195.65;194.4;195.3;495000;182.71
28.11.2013;195.85;196.45;194.6;195;379100;182.43
27.11.2013;195.35;196.15;195;195.95;383000;183.32
26.11.2013;195;195.9;194.2;194.9;553000;182.34
25.11.2013;195.8;196.3;194;195.4;809300;182.81
22.11.2013;195.7;196.7;192.7;194.7;889500;182.15
21.11.2013;194.65;196.55;193.25;195.6;587900;182.99
20.11.2013;194.75;196.9;194.65;195.25;592300;182.67
19.11.2013;194.4;195.95;194;195.1;521100;182.53
18.11.2013;194.5;196.35;193.8;195.15;787100;182.57
15.11.2013;193.1;194.65;191.6;194.5;930300;181.96
14.11.2013;193;193.75;191.85;193.3;820500;180.84
13.11.2013;190.2;190.8;187.9;190.75;942300;178.46
12.11.2013;191.2;191.6;190.1;190.8;590100;178.5
11.11.2013;192.3;192.6;190.75;191.05;500100;178.74
08.11.2013;192.05;193.25;189.85;192.35;917600;179.95
07.11.2013;190.35;195.45;190.15;193.1;1345600;180.65
06.11.2013;190.9;191.8;190.15;191.1;544300;178.78
05.11.2013;192;192.5;189.2;190.9;874600;178.6
04.11.2013;189.9;192.25;189.9;192;912400;179.63
01.11.2013;189.65;191.3;188.1;188.45;1055500;176.3
30.10.2013;180.5;186.1;180.3;183.5;3107500;171.67
29.10.2013;174.5;175.8;172.85;174.85;985500;163.58
28.10.2013;177.2;177.2;172.95;174.25;829400;163.02
25.10.2013;176.8;177.5;175.75;176.5;622300;165.12
24.10.2013;177.25;178.05;176.3;177.55;746300;166.11
23.10.2013;176.8;177.05;175.6;176.1;608700;164.75
22.10.2013;176.7;178.85;176;177.15;975600;165.73
21.10.2013;176.1;177.3;174.7;176.9;739500;165.5
18.10.2013;177.6;177.9;174.3;176.5;1550100;165.12
17.10.2013;177.2;177.55;175.25;177.1;729100;165.69
16.10.2013;176;177.8;175.1;176.9;859100;165.5
15.10.2013;176.2;177.05;175.05;176;882500;164.66
14.10.2013;174.45;175.55;174.05;175.45;441300;164.14
11.10.2013;174.95;175.4;174;175.2;662400;163.91
10.10.2013;170.95;174.55;170.7;174.05;1255600;162.83
09.10.2013;169.75;171.25;168.95;169.7;707200;158.76
08.10.2013;170.7;171.55;168.3;169.1;845800;158.2
07.10.2013;167.4;170.75;166.5;170.3;723200;159.32
04.10.2013;168.1;169.1;166.85;168.1;992100;157.27
03.10.2013;171.8;172.3;167.55;168.1;1215900;157.27
02.10.2013;173.5;174.2;170.1;171;1148600;159.98
01.10.2013;174.5;175.1;172.8;174.95;802400;163.67
30.09.2013;172.7;174.25;171.75;174.25;858600;163.02
27.09.2013;175.45;175.45;172.65;174.55;524400;163.3
26.09.2013;176.5;176.6;173.6;174.55;700000;163.3
25.09.2013;175.85;176.8;174.55;175.9;586500;164.56
24.09.2013;173.75;175.95;173.4;175.3;806500;164
23.09.2013;174.7;176.85;172.6;173.55;902800;162.36
20.09.2013;177.25;177.4;171.85;173.3;2720500;162.13
19.09.2013;184.15;185.3;175;177.25;3734500;165.83
18.09.2013;180.65;182.1;179.55;181.05;604700;169.38
17.09.2013;181.85;182;179.2;180.25;736000;168.63
16.09.2013;184.35;184.9;182.7;183.05;780100;171.25
13.09.2013;179.3;181.9;178.75;181.85;705800;170.13
12.09.2013;179.05;179.7;178.2;179.4;731400;167.84
11.09.2013;178.45;179.8;177.55;178.7;681300;167.18
10.09.2013;175.15;178.85;174.35;178.05;1788100;166.57
09.09.2013;171.5;173.25;170;171;677200;159.98
06.09.2013;171.15;173.5;170.2;171.8;859600;160.73
05.09.2013;171.1;172.9;170.15;172;1060600;160.91
04.09.2013;171.05;171.25;167.5;170;1107100;159.04
03.09.2013;176.75;177.15;170.75;171.25;1408300;160.21
02.09.2013;175.1;177.3;174.75;176.1;698300;164.75
30.08.2013;174.05;174.55;171.1;172.1;862600;161.01
29.08.2013;174;175.05;173;174.2;693100;162.97
28.08.2013;174.8;174.8;169.55;172.3;1521100;161.2
27.08.2013;181.3;181.8;175.65;176.35;1373000;164.98
26.08.2013;183.05;183.05;181.2;182.1;340000;170.36
23.08.2013;184.15;184.4;180.75;181.6;672800;169.9
22.08.2013;181.35;184.6;181.1;183.35;598500;171.53
21.08.2013;180.4;181.95;179.7;181.25;525900;169.57
20.08.2013;182.1;182.15;178.7;180.7;978000;169.05
19.08.2013;184;184.4;182.7;184;597800;172.14
16.08.2013;183.95;184.9;180.85;183.35;914900;171.53
15.08.2013;185.9;186.45;183.65;185.05;550100;173.12
14.08.2013;185.95;187;184.2;186.55;657600;174.53
13.08.2013;185.95;186.65;183.75;185.8;635700;173.83
12.08.2013;182.85;185.45;181.6;184.95;682700;173.03
09.08.2013;182.85;184.5;181.85;183.25;662200;171.44
08.08.2013;181.6;183.25;181.15;181.75;665900;170.04
07.08.2013;182;182.05;180.55;181.2;735900;169.52
06.08.2013;183.55;185.3;181.45;182.6;926600;170.83
05.08.2013;182.75;184.3;182.4;184;719000;172.14
02.08.2013;183.95;184.55;180.8;182.75;945600;170.97
01.08.2013;180.6;184.3;179.7;183.85;1369500;172
31.07.2013;179;180.05;174.75;178.65;2068700;167.14
30.07.2013;174.9;176.3;173.8;176.15;1016800;164.8
29.07.2013;173.5;174.35;172.95;174.05;706400;162.83
26.07.2013;173.5;174.45;171.5;172.3;712600;161.2
25.07.2013;173.3;173.95;170.6;173.4;795000;162.22
24.07.2013;171.3;173.6;170.05;173.6;909200;162.41
23.07.2013;170;171.65;169.85;170.85;633600;159.84
22.07.2013;172.4;172.95;168.5;169.3;742500;158.39
19.07.2013;171.45;172.25;170.15;172;1135000;160.91
18.07.2013;169.8;172.05;167.5;172.05;744600;160.96
17.07.2013;167;169.75;165.75;169.65;748600;158.72
16.07.2013;167.9;168.3;166.5;167.3;527000;156.52
15.07.2013;168.25;168.95;167.25;167.9;493300;157.08
12.07.2013;166.35;168.5;166;167.35;1218400;156.56
11.07.2013;164.85;166.3;164.85;165.3;967300;154.65
10.07.2013;161.65;163.35;160.55;163.15;835600;152.63
09.07.2013;161.25;162.65;159.95;161.75;999800;151.33
08.07.2013;158.75;161.6;158.05;159.55;675000;149.27
05.07.2013;160.65;161.8;157.05;157.25;1089300;147.12
04.07.2013;155.45;160.5;155.25;160.1;1406600;149.78
03.07.2013;154.6;155.1;150.95;154.05;1190300;144.12
02.07.2013;158.3;159.05;155.9;156.4;671900;146.32
01.07.2013;156.15;158.9;155;157.1;1119500;146.97
28.06.2013;156.1;157.65;154.6;155.55;1047300;145.52
27.06.2013;154.7;157.35;154.3;156;1011900;145.95
26.06.2013;152.8;154.4;151.8;154;1369500;144.07
25.06.2013;148.35;152.8;147.65;151.5;1410100;141.74
24.06.2013;149.5;150.5;146.35;146.95;1565900;137.48
21.06.2013;154;154.4;149.95;149.95;2808900;140.29
20.06.2013;157.9;157.9;151.4;153.1;2397200;143.23
19.06.2013;162;162.85;159.7;159.7;939100;149.41
18.06.2013;162.5;162.95;159.5;161.8;869800;151.37
17.06.2013;160.3;164;160.1;162.3;1138000;151.84
14.06.2013;160;160.7;158.35;159.15;909600;148.89
13.06.2013;156.95;158.4;155.1;158;1412400;147.82
12.06.2013;161.5;161.9;158.65;159.7;2076500;149.41
11.06.2013;167.4;168;163.65;165.15;1247900;154.51
10.06.2013;168.5;169.8;165.8;168;1004300;157.17
07.06.2013;162.6;168.1;160.1;166.25;1225500;155.54
06.06.2013;164;165.85;162.1;162.35;955400;151.89
05.06.2013;164.1;165.75;163.1;164.5;788100;153.9
04.06.2013;168.55;169.15;163.55;165.25;1126100;154.6
03.06.2013;167.6;169.5;165.35;167.05;954100;156.28
31.05.2013;167.8;169.8;166.45;168.95;868700;158.06
30.05.2013;166.45;168.9;165.7;168.15;694500;157.31
29.05.2013;166.3;168.15;165.55;166.8;876600;156.05
28.05.2013;167.45;169.05;166;167.45;1097500;156.66
27.05.2013;167.1;168.35;166.15;167.55;392600;156.75
24.05.2013;167.85;168.9;164.4;166.6;1080100;155.86
23.05.2013;165.5;168.6;163.4;168;1647800;157.17
22.05.2013;171.8;173.9;170.55;172.5;977600;161.38
21.05.2013;172.9;173.5;169.75;171.6;1034900;160.54
20.05.2013;169;174.9;168.65;173.85;1483100;162.65
17.05.2013;162.45;168.95;161.9;168.4;2136000;157.55
16.05.2013;162.7;163.15;161.35;162.35;582700;151.89
15.05.2013;161;163.5;160.5;162.7;1062100;152.21
14.05.2013;157.3;160.9;155.15;160.25;1003000;149.92
13.05.2013;157.5;157.8;154.6;156.95;633100;146.83
10.05.2013;159.2;161;157.45;157.65;1005700;147.49
09.05.2013;158.4;159.45;157.1;159.05;488300;148.8
08.05.2013;158.2;159.8;158.05;158.35;764500;148.14
07.05.2013;156.9;158.75;156.05;158;856700;147.82
06.05.2013;157.9;158.2;156.5;157;568400;146.88
03.05.2013;153.9;158.95;152.25;158;1672600;147.82
02.05.2013;153.5;153.8;150.75;152.5;1260700;142.67
30.04.2013;153.7;155.25;153.15;153.9;1326800;143.98
29.04.2013;147.7;153.65;147.25;152;1409900;142.2
26.04.2013;149.35;150.65;147.15;148.1;1224100;138.55
25.04.2013;151.55;153.85;150.35;152.6;1133000;139.43
24.04.2013;147;153.55;146.4;150.7;2148900;137.7
23.04.2013;142.2;147;140.05;146.9;1499100;134.23
22.04.2013;142.4;143.45;140.95;142.1;1159100;129.84
19.04.2013;139.35;141.55;138.55;141;1809300;128.84
18.04.2013;142.1;142.4;136.6;138.5;2294600;126.55
17.04.2013;146.55;146.9;140.65;141.45;1844700;129.25
16.04.2013;143.95;146.8;143.55;145.7;1279200;133.13
15.04.2013;147.95;147.95;143.55;144.85;1215800;132.35
12.04.2013;151.9;152.5;146.2;147.8;2008800;135.05
11.04.2013;153;153.2;151.35;152.85;902600;139.66
10.04.2013;151.05;154.5;151.05;152.7;1150500;139.53
09.04.2013;156.95;157.65;150.4;152;1694800;138.89
08.04.2013;155.6;156.9;153.9;156.1;700100;142.63
05.04.2013;156.7;156.9;153.2;154.45;1045400;141.12
04.04.2013;155.95;158.5;154.45;156.1;905000;142.63
03.04.2013;157.95;158.3;155.95;156.15;1058700;142.68
02.04.2013;155.4;158.45;154.85;157.6;927800;144
01.04.2013;155;155;155;155;0;141.63
29.03.2013;155;155;155;155;0;141.63
28.03.2013;155.5;157.3;154.55;155;1036000;141.63
27.03.2013;157.6;157.6;153.4;155.6;1018700;142.18
26.03.2013;155.5;157.7;155.35;156.6;713400;143.09
25.03.2013;158.75;159.15;154.65;155.2;946300;141.81
22.03.2013;155.2;158.25;154.4;156.55;1085200;143.04
21.03.2013;157.05;157.5;152.65;155.25;1488200;141.86
20.03.2013;160.4;160.45;156.5;157.75;936500;144.14
19.03.2013;159.25;160.4;157.1;158.55;1457800;144.87
18.03.2013;158;160.05;157.1;159.25;1317000;145.51
15.03.2013;159.4;160.75;157.35;160.3;4411300;146.47
14.03.2013;167.7;169.2;160.1;164.65;2624900;150.44
13.03.2013;165.3;166.8;164.3;166.5;731700;152.14
12.03.2013;168.65;168.9;165.35;165.95;855900;151.63
11.03.2013;168.95;169.75;167.1;168.85;632100;154.28
08.03.2013;171;171.35;169.25;169.8;805600;155.15
07.03.2013;168.6;171.45;168.5;169.95;820100;155.29
06.03.2013;168.05;170.1;167.8;168.45;1034900;153.92
05.03.2013;164.55;167.5;164.55;166.45;979200;152.09
04.03.2013;163.5;164.05;161.25;162.55;700900;148.53
01.03.2013;167.85;167.9;161.15;164.1;1379000;149.94
28.02.2013;168.15;169.5;166.75;167.25;893000;152.82
27.02.2013;165.05;167.45;162.4;166.95;1171600;152.55
26.02.2013;162.95;166.15;161.7;163.5;1315700;149.39
25.02.2013;165.8;170.4;165.05;166.2;2382100;151.86
22.02.2013;176.95;177.25;163.55;163.8;3589000;149.67
21.02.2013;179.3;179.45;175.5;176.05;806000;160.86
20.02.2013;180.7;182.05;180.1;180.7;540000;165.11
19.02.2013;176;181.4;175.45;181;846300;165.38
18.02.2013;176.25;177;175.8;176.7;328600;161.45
15.02.2013;177.6;177.85;176.35;177;716300;161.73
14.02.2013;180.1;180.7;177.4;177.4;637000;162.09
13.02.2013;179.8;182.35;179;180.7;583800;165.11
12.02.2013;178.3;179.65;177.15;179.15;571100;163.69
11.02.2013;179.65;180.7;177.45;178.9;544300;163.47
08.02.2013;176.65;181.25;176.6;180.55;694800;164.97
07.02.2013;176.15;178.85;175.25;176.5;857800;161.27
06.02.2013;178.9;179.1;175;176.35;987500;161.14
05.02.2013;179.5;179.9;176.8;178.2;1006100;162.83
04.02.2013;187;187.3;179.8;179.9;922700;164.38
01.02.2013;182.45;186.65;182.45;186.65;876700;170.55
31.01.2013;183;183.1;181;182.15;719500;166.43
30.01.2013;185.1;185.9;183.1;183.6;605100;167.76
29.01.2013;186;187.4;183.1;184.25;801600;168.35
28.01.2013;185.3;187.4;185.1;185.55;651100;169.54
25.01.2013;182.4;184.85;181.85;184.65;710400;168.72
24.01.2013;182.85;183;181.6;182.9;536200;167.12
23.01.2013;181.45;183.85;180.85;182.65;638400;166.89
22.01.2013;179.2;181.15;177.4;180.95;896100;165.34
21.01.2013;178.2;179.4;177.4;179.35;381600;163.88
18.01.2013;178.8;179.4;177.7;177.9;784700;162.55
17.01.2013;176.6;178.5;175.35;178.4;753500;163.01
16.01.2013;175.25;177.15;173.9;176.95;651400;161.68
15.01.2013;175.95;177.05;174.65;175.5;626800;160.36
14.01.2013;176.6;178.8;175.75;175.85;685700;160.68
11.01.2013;172.9;176.5;171.7;176.05;789900;160.86
10.01.2013;172.55;174.75;171.9;173.3;767700;158.35
09.01.2013;173.75;174.7;170.5;171.6;920500;156.8
08.01.2013;175.3;175.95;172.95;174;725800;158.99
07.01.2013;177.8;177.8;175.45;175.95;815800;160.77
04.01.2013;179.2;179.25;177.9;178.85;494200;163.42
03.01.2013;179;179.6;176.9;178.9;609400;163.47
02.01.2013;176.05;180.4;175.6;179;1195900;163.56
01.01.2013;172.15;172.15;172.15;172.15;0;157.3
31.12.2012;172.15;172.15;172.15;172.15;0;157.3
28.12.2012;173.1;174.45;172.15;172.15;421900;157.3
27.12.2012;171.85;173.5;170.3;172.6;614100;157.71
26.12.2012;171;171;171;171;0;156.25
25.12.2012;171;171;171;171;0;156.25
24.12.2012;171;171;171;171;0;156.25
21.12.2012;171.5;174.1;170.85;171;1551900;156.25
20.12.2012;171;172.95;170.5;172.7;673500;157.8
19.12.2012;172;172.2;169.65;171.15;844200;156.38
18.12.2012;171.4;171.75;170.9;171.65;730900;156.84
17.12.2012;170.9;171.5;170.25;170.75;491700;156.02
14.12.2012;170.5;171.45;169.9;170.55;588200;155.84
13.12.2012;170;171.3;168.4;170.05;916600;155.38
12.12.2012;169.9;170.6;168.2;169.6;747000;154.97
11.12.2012;167.8;170.05;167.05;169.55;799000;154.92
10.12.2012;165.75;168.4;165;167.6;660000;153.14
07.12.2012;165.9;167.2;164.45;166.5;775900;152.14
06.12.2012;164.7;166.5;164.5;165.3;1074600;151.04
05.12.2012;166.65;166.65;163;163.7;910000;149.58
04.12.2012;165.6;167;164.75;165.55;724400;151.27
03.12.2012;167.5;167.9;165.8;166.2;884400;151.86
30.11.2012;165.9;167.9;165.6;166.45;912700;152.09
29.11.2012;164.85;167;164.3;165.8;1052800;151.5
28.11.2012;163.15;164.25;162.2;163.6;673000;149.49
27.11.2012;163.8;164.35;162.35;163.7;639000;149.58
26.11.2012;162.25;163.8;161.9;162.95;607700;148.89
23.11.2012;162.4;162.55;159.9;162.25;632500;148.25
22.11.2012;161.7;163.15;161.1;161.4;806000;147.48
21.11.2012;159;162.15;158.85;160.85;774600;146.97
20.11.2012;156.8;160.25;156.3;159.65;842500;145.88
19.11.2012;152.6;157.8;152.6;157.35;909700;143.77
16.11.2012;153.65;154.05;150.3;151.25;1637800;138.2
15.11.2012;153.2;155.1;153.1;153.6;991500;140.35
14.11.2012;156;156.3;153.75;154.5;617400;141.17
13.11.2012;154.45;156.2;153.1;155.4;866500;141.99
12.11.2012;154.7;155.8;153.8;155.4;540100;141.99
09.11.2012;154.9;155;151.9;154.5;1280400;141.17
08.11.2012;154.7;156.15;153.35;154.25;1145900;140.94
07.11.2012;157;157.95;154.25;154.4;1655700;141.08
06.11.2012;156;156.75;154.65;155.7;3165500;142.27
05.11.2012;162.8;163.75;161.05;162.4;773300;148.39
02.11.2012;164;165.1;162.7;163.6;926300;149.49
01.11.2012;159.15;165;159.1;164;1024400;149.85
31.10.2012;160.35;164.05;159.55;159.6;1232800;145.83
30.10.2012;156;160.3;155.85;160.05;1298100;146.24
29.10.2012;153.55;155.15;152.85;154.35;558100;141.03
26.10.2012;152.55;154.7;152.15;154.4;846100;141.08
25.10.2012;151.4;155.15;150.65;153.7;1441800;140.44
24.10.2012;147;153.6;143.4;151;2348100;137.97
23.10.2012;149.3;149.3;146;146.5;996100;133.86
22.10.2012;149.75;150.65;148;148.7;873100;135.87
19.10.2012;148.1;150.55;148.05;149.9;1509700;136.97
18.10.2012;148.95;149.4;147.35;148.45;863200;135.64
17.10.2012;147.5;148.35;146.2;148.1;755800;135.32
16.10.2012;146.75;148.25;145;146.9;1051200;134.23
15.10.2012;146.85;148;144.15;145.45;1021900;132.9
12.10.2012;149.45;150;146.55;146.6;1006100;133.95
11.10.2012;145.75;149.8;144.85;149.1;1021600;136.24
10.10.2012;148.4;149.35;145.8;145.8;805100;133.22
09.10.2012;146.4;148.1;145.8;147.55;978500;134.82
08.10.2012;147.7;147.85;145.35;145.35;917900;132.81
05.10.2012;145.55;149.5;145.3;148.65;949600;135.83
04.10.2012;142.1;145.55;141.55;145.35;1019200;132.81
03.10.2012;143.05;143.85;140.35;141.3;924600;129.11
02.10.2012;142.1;144.9;141;144.05;713700;131.62
01.10.2012;141.95;143.15;139.95;142.9;1036700;130.57
28.09.2012;144.4;144.65;141.15;141.95;986000;129.7
27.09.2012;147.8;148.05;142.35;143.3;1497800;130.94
26.09.2012;149.2;149.45;146.2;146.4;1356200;133.77
25.09.2012;154.15;154.3;149.55;152.25;1135900;139.11
24.09.2012;154;155.65;153.5;154.9;917200;141.54
21.09.2012;150.6;155.35;149.6;155.05;1939700;141.67
20.09.2012;149.2;150.75;147.55;149.9;1402000;136.97
19.09.2012;149.35;151;148.15;150.5;960700;137.52
18.09.2012;149.3;149.7;147;148.1;1109800;135.32
17.09.2012;151.9;152.6;150.9;151.65;909700;138.57
14.09.2012;148.8;154.1;148.35;152.5;2200200;139.34
13.09.2012;147.5;147.6;144.7;145.35;899900;132.81
12.09.2012;144;147.9;143.85;146.85;1462500;134.18
11.09.2012;141;143.7;140.7;143.45;601500;131.07
10.09.2012;140.9;142.95;140.25;142;846800;129.75
07.09.2012;141;142.75;139.95;141.3;1056900;129.11
06.09.2012;135.85;140.7;134.95;140.5;1231000;128.38
05.09.2012;133.6;135.85;132.5;135.25;850000;123.58
04.09.2012;137.6;137.8;132.65;133.5;1289700;121.98
03.09.2012;139.75;140.3;137.25;137.5;965300;125.64
31.08.2012;138.6;141.65;138.1;140.4;893300;128.29
30.08.2012;143.75;143.75;138.15;139.1;1182400;127.1
29.08.2012;144.4;145.2;143.2;144.85;460200;132.35
28.08.2012;143.55;144.8;142.85;144.05;434200;131.62
27.08.2012;142.7;144.85;142;144.2;452200;131.76
24.08.2012;144.6;145.45;140.6;142.6;922000;130.3
23.08.2012;147.95;148.35;145;145.8;720100;133.22
22.08.2012;146.55;147.1;144.9;147;537100;134.32
21.08.2012;146.25;148;145.75;147.05;546300;134.36
20.08.2012;146.6;148.35;145.2;145.95;614100;133.36
17.08.2012;145.65;146.35;144.65;146.35;734600;133.72
16.08.2012;145.65;145.65;144.2;145;638900;132.49
15.08.2012;146.3;146.4;143.75;144.95;577300;132.44
14.08.2012;147.5;147.6;146.1;146.65;546400;134
13.08.2012;147.45;147.45;145.15;145.9;659000;133.31
10.08.2012;147.8;148.3;145.85;147.85;681100;135.09
09.08.2012;146.45;148.9;145.45;148.35;1192700;135.55
08.08.2012;147.2;148.25;145.6;146.35;913300;133.72
07.08.2012;143.5;148.7;143.3;147.9;1506000;135.14
06.08.2012;141;144.95;140.1;144.05;1145100;131.62
03.08.2012;136.05;142.2;135.9;141.7;1157800;129.47
02.08.2012;138.1;140.95;135.6;135.9;1254700;124.18
01.08.2012;138.4;139.6;136.8;138.2;880900;126.28
31.07.2012;137.75;141;136.3;139;1264900;127.01
30.07.2012;134.8;138.6;134.5;137.6;898000;125.73
27.07.2012;134.3;134.45;130.85;134.1;1094200;122.53
26.07.2012;134.6;136;128.85;133.55;2586000;122.03
25.07.2012;132;135.7;131.55;133.65;1113200;122.12
24.07.2012;133.7;134.05;131.55;132;836600;120.61
23.07.2012;135.1;135.7;132.35;133.4;994500;121.89
20.07.2012;138.85;140.9;136.4;137.55;1424600;125.68
19.07.2012;139;140.6;138.35;139.5;1277600;127.46
18.07.2012;137.8;138.3;135.8;137.75;743200;125.87
17.07.2012;137.45;139.4;136.8;137.4;960200;125.55
16.07.2012;137.3;137.3;135.15;136.8;619200;125
13.07.2012;134.6;137.1;132.2;137.1;1342600;125.27
12.07.2012;131.8;135.2;131.35;133.7;1215200;122.16
11.07.2012;132.1;133.85;130.6;132.45;892600;121.02
10.07.2012;131.5;134.4;129.2;133.15;996500;121.66
09.07.2012;131;131.4;129.1;130.8;827100;119.52
06.07.2012;133.45;134.5;130.9;130.9;1191300;119.61
05.07.2012;133.15;138.15;132.45;134.5;3341900;122.9
04.07.2012;128;129.1;126.3;128;729900;116.96
03.07.2012;124.85;128.5;124.85;127.95;1308500;116.91
02.07.2012;124;126.65;122.6;124.5;1262900;113.76
29.06.2012;121.7;124.6;119.65;124.6;1618700;113.85
28.06.2012;118.3;119.65;116.15;118;1030200;107.82
27.06.2012;118.65;120.2;116.15;118.3;1172000;108.09
26.06.2012;118.65;119.55;115.95;118.45;1191900;108.23
25.06.2012;120.5;121.35;118.75;119;1183100;108.73
22.06.2012;123.1;123.1;120.65;121.15;1172300;110.7
21.06.2012;126.75;127;123.55;123.7;1188300;113.03
20.06.2012;126.25;128.15;124.8;127.6;875100;116.59
19.06.2012;124.45;126.7;124.45;126.4;914100;115.49
18.06.2012;125.8;126.4;124.1;124.65;1044600;113.9
15.06.2012;121.5;124.9;121.5;123.65;1986100;112.98
14.06.2012;121.5;122.2;119.9;121.25;1096300;110.79
13.06.2012;124.8;126.55;119.2;122.05;1463700;111.52
12.06.2012;123.35;125.4;119.2;124.3;1120400;113.58
11.06.2012;126;127.65;119.2;123.45;1656100;112.8
08.06.2012;122.2;122.25;119.2;121.85;1127900;111.34
07.06.2012;122.35;127.35;121.1;123.5;1781500;112.84
06.06.2012;121.85;122.4;119.85;122.15;1634700;111.61
05.06.2012;120.85;121.2;118;120.5;814500;110.1
04.06.2012;122.3;122.3;119.4;119.75;1409700;109.42
01.06.2012;129.15;129.3;123;123.75;1929700;113.07
31.05.2012;130.6;132.6;128.5;129.1;1536100;117.96
30.05.2012;133.5;134.1;129.85;130.55;1319300;119.29
29.05.2012;130.4;135.75;130.3;134.45;1343000;122.85
28.05.2012;129.75;131;128.55;128.95;430900;117.82
25.05.2012;128.4;129.75;127.65;128.45;856000;117.37
24.05.2012;129.6;129.65;125.75;128.25;1322800;117.19
23.05.2012;131;131.4;127.65;128.25;1308500;117.19
22.05.2012;131.05;133.35;130.65;132.65;1280500;121.21
21.05.2012;128.5;131;128;129.45;832000;118.28
18.05.2012;129.5;129.8;126.45;128.2;1636500;117.14
17.05.2012;132.4;133.9;130.75;130.8;854300;119.52
16.05.2012;132.15;133.05;130.15;132.2;1166700;120.79
15.05.2012;135.1;135.95;131.9;133.75;1046100;122.21
14.05.2012;136;136.5;133.95;134.85;771400;123.22
11.05.2012;133.55;137.65;132.8;137.4;967100;125.55
10.05.2012;136.7;137.3;133.1;134.4;1307700;122.8
09.05.2012;136.4;137.95;133.8;135.95;1156700;124.22
08.05.2012;138.65;139.4;134.85;136.05;1157100;124.31
07.05.2012;135.5;139.8;134.6;139.25;965400;127.24
04.05.2012;144.3;144.4;138.9;139.95;1442600;127.88
03.05.2012;142.7;145.5;142.5;145;1771000;132.49
02.05.2012;145;145.5;141.55;142.4;1422000;130.11
01.05.2012;143.1;143.1;143.1;143.1;0;130.75
30.04.2012;142.85;144.65;142.6;143.1;1481400;130.75
27.04.2012;136.35;142.05;136.25;141.85;2840400;129.61
26.04.2012;126;137.95;125.8;137.2;3939300;125.36
25.04.2012;124.55;126.9;124.35;126.2;1165100;115.31
24.04.2012;122.05;124.35;121;123.5;1279200;112.84
23.04.2012;123.9;123.95;120.55;121.25;1386600;110.79
20.04.2012;125.15;126.2;123.2;125.4;1616000;114.58
19.04.2012;132.4;133.2;127;127;2139700;113.25
18.04.2012;132.8;134;131.5;131.5;1162900;117.26
17.04.2012;130;133.35;129.55;133.1;1128400;118.69
16.04.2012;128.1;132.1;127.8;131;980500;116.81
13.04.2012;131.4;132.1;128.35;128.8;1022200;114.85
12.04.2012;130.3;131.95;129.3;131.25;1335100;117.04
11.04.2012;125.3;130.45;125.2;128.8;1324400;114.85
10.04.2012;126.7;128.65;125.1;125.1;1481100;111.55
09.04.2012;128.95;128.95;128.95;128.95;0;114.99
06.04.2012;128.95;128.95;128.95;128.95;0;114.99
05.04.2012;130;130.75;126.9;128.95;1286400;114.99
04.04.2012;132.1;132.7;128.65;129.4;1180500;115.39
03.04.2012;133.85;135.3;132.5;133.05;1173400;118.64
02.04.2012;132.85;133.8;130;133.8;1166500;119.31
30.03.2012;130.75;133;130.15;131.85;988700;117.57
29.03.2012;132.6;133.1;128.85;129.65;1400300;115.61
28.03.2012;133.9;135.5;132.6;132.9;974900;118.51
27.03.2012;133.8;135.95;133.5;134.15;1030500;119.62
26.03.2012;133;133.9;130.65;132.75;933900;118.37
23.03.2012;130.15;132.65;129.3;132.35;1043200;118.02
22.03.2012;131.9;133.25;129.25;130.15;1395900;116.06
21.03.2012;134.7;134.7;131.1;132.05;1624200;117.75
20.03.2012;135.8;136.25;132;133.05;1914500;118.64
19.03.2012;140.35;140.4;137.55;139.2;1091700;124.13
16.03.2012;142;142.5;139.5;141.25;2337800;125.95
15.03.2012;142;142.3;140.7;141.95;1060600;126.58
14.03.2012;138.8;142.3;137.55;141.9;1560000;126.53
13.03.2012;141;141.3;136.6;137.6;1808700;122.7
12.03.2012;142.2;142.9;138.65;139.8;1428700;124.66
09.03.2012;141.2;143.35;139.6;142.8;975900;127.34
08.03.2012;137.45;141.45;137.4;141.05;1403800;125.78
07.03.2012;136.15;138.15;135.2;136.8;1270000;121.99
06.03.2012;141.65;142.1;136.45;136.45;1692900;121.67
05.03.2012;143;144.65;140.9;142.95;1067700;127.47
02.03.2012;143.6;144.8;143;143.95;781100;128.36
01.03.2012;139.85;144.2;139.3;143.45;1189000;127.92
29.02.2012;141.4;142.3;139.6;140.35;1214300;125.15
28.02.2012;138.75;141;137.5;140.8;1099900;125.55
27.02.2012;137.3;139.25;134.6;138.35;2052700;123.37
24.02.2012;140.4;141.15;136.45;139.25;1834400;124.17
23.02.2012;142;142.7;136.9;139.15;1596000;124.08
22.02.2012;144.4;144.95;141.75;142.45;962200;127.02
21.02.2012;143.9;145.3;142.4;144.75;879500;129.07
20.02.2012;143.5;144.65;142.25;144.1;647700;128.5
17.02.2012;142;143.3;140.4;142.5;1201300;127.07
16.02.2012;138;140.15;134.8;140.15;1247700;124.97
15.02.2012;142.85;143;138.05;139.5;1111800;124.39
14.02.2012;143.75;146.25;140.3;141.05;1190100;125.78
13.02.2012;142.1;145.6;142;144.4;926500;128.76
10.02.2012;143.4;145.6;139.85;140.7;1448200;125.46
09.02.2012;142.75;147.2;142.25;144.6;1794600;128.94
08.02.2012;143.25;143.8;140.8;141.6;875300;126.27
07.02.2012;143.9;144.9;139.15;141.75;957700;126.4
06.02.2012;141.5;143.7;140.65;143.45;1050900;127.92
03.02.2012;137.65;142.2;137.1;142.2;1345000;126.8
02.02.2012;139.7;140;137.1;138.2;1024400;123.23
01.02.2012;136.2;139;135.8;138.65;1249400;123.64
31.01.2012;137.55;138.25;135.2;135.35;1116300;120.69
30.01.2012;135;138.7;132.65;136.8;1210300;121.99
27.01.2012;139.05;140.5;136.3;136.45;1317000;121.67
26.01.2012;137.9;141.55;137.15;139.75;1416800;124.62
25.01.2012;137;137.6;135.35;137.05;966100;122.21
24.01.2012;133.5;136.2;132.5;136.2;1030700;121.45
23.01.2012;134;135.95;131.6;134.5;990900;119.93
20.01.2012;135.6;136;133.8;134.5;1314000;119.93
19.01.2012;132.9;135.55;130.55;135.55;1732100;120.87
18.01.2012;131.9;132.55;129.7;132;1073700;117.71
17.01.2012;130.7;133.95;130.3;132;2002500;117.71
16.01.2012;125.7;128.95;124.5;128.9;950300;114.94
13.01.2012;129.8;130;123.45;126;1516100;112.36
12.01.2012;125.85;129.4;125.2;128.8;1503700;114.85
11.01.2012;125.55;127;124.6;126.3;933100;112.62
10.01.2012;123.75;127.15;123.55;125.7;1644700;112.09
09.01.2012;124.1;125.65;121.45;121.75;1142000;108.57
06.01.2012;126.4;127.5;123.4;124;1094600;110.57
05.01.2012;123.45;126.55;122.4;126.2;1206300;112.53
04.01.2012;122.65;123.9;121.7;122.95;867600;109.64
03.01.2012;121.3;123.35;121;122.85;1192200;109.55
02.01.2012;115.45;119.8;114.95;119.8;767000;106.83
30.12.2011;115;115.75;113.2;115.75;371700;103.22
29.12.2011;115.7;116.3;113.2;114.9;707300;102.46
28.12.2011;118;118.4;114.75;115.15;576300;102.68
27.12.2011;118.3;119.15;117.9;118.2;222300;105.4
26.12.2011;117.9;117.9;117.9;117.9;0;105.13
23.12.2011;119.8;119.8;116.75;117.9;431000;105.13
22.12.2011;118.9;120.5;118.1;118.45;678700;105.62
21.12.2011;120;121.7;118.05;118.55;1024300;105.71
20.12.2011;115.1;118.8;114.35;118.6;949200;105.76
19.12.2011;114.75;119.25;114.05;115.2;918700;102.72
16.12.2011;117.05;117.65;115;115.35;2027500;102.86
15.12.2011;116.05;118.15;115;115.85;1250500;103.3
14.12.2011;119.35;119.85;114.45;114.95;1934600;102.5
13.12.2011;120.6;122.8;119.3;120.4;1111900;107.36
12.12.2011;123.95;124.6;120;120;1009200;107
09.12.2011;121.45;125.8;120.3;124.65;1562600;111.15
08.12.2011;127.5;128.45;122.25;122.4;1416400;109.15
07.12.2011;128.2;129.2;124.2;126.25;1020300;112.58
06.12.2011;126.9;129.05;125.2;126.3;1283400;112.62
05.12.2011;129.9;130.4;128.55;128.9;956300;114.94
02.12.2011;128.6;130.8;127.5;128.55;1402900;114.63
01.12.2011;127.4;129.35;125.6;126.7;1467600;112.98
30.11.2011;118.85;128.4;117.7;127.65;2440600;113.83
29.11.2011;119.8;122;118.1;119.9;1115500;106.92
28.11.2011;114.05;120.5;113.7;120.1;1606300;107.09
25.11.2011;113.4;114.25;109.75;112.1;1214700;99.96
24.11.2011;113.8;116.35;111.9;113.15;1106800;100.9
23.11.2011;115;116.2;111.85;112.65;1640000;100.45
22.11.2011;115.95;119.05;115.45;116.45;1381700;103.84
21.11.2011;122.1;123;115.25;115.25;2022200;102.77
18.11.2011;123.3;125.35;122.15;122.3;1222400;109.06
17.11.2011;125.2;127.05;123.15;124.6;1533100;111.11
16.11.2011;126.5;128.8;124.65;125.95;1084900;112.31
15.11.2011;126.3;128.85;124.6;127.25;1298500;113.47
14.11.2011;131.5;131.9;126.2;127.6;1095200;113.78
11.11.2011;127.25;130.6;125.25;130.6;1180700;116.46
10.11.2011;123;129;122.45;126.15;1832400;112.49
09.11.2011;129.25;131;122.7;124.95;1832600;111.42
08.11.2011;126;129.7;125.35;126.95;1022500;113.2
07.11.2011;124;129.55;122;125.5;1431100;111.91
04.11.2011;132.25;132.25;125.3;125.3;1562900;111.73
03.11.2011;123.8;132.9;123.25;130.85;2485700;116.68
02.11.2011;122.05;128.05;121.55;127.2;1999000;113.43
01.11.2011;122.5;123.25;118;120;2141300;107
31.10.2011;131.5;131.6;126.8;126.8;1427900;113.07
28.10.2011;131.8;135.45;129;132.5;2404500;118.15
27.10.2011;123.7;130.55;121.2;130.55;3437500;116.41
26.10.2011;120;121.6;117.45;118.2;1705400;105.4
25.10.2011;121.8;125.6;119.65;120.65;1735400;107.58
24.10.2011;118.05;122.9;117.25;122.75;1469000;109.46
21.10.2011;113.9;117.4;113.1;117.4;1408000;104.69
20.10.2011;113.15;116.25;112.75;113.25;1344000;100.99
19.10.2011;114.5;116.45;112.7;114.85;1300500;102.41
18.10.2011;109;115;107.25;114.15;1598800;101.79
17.10.2011;115.3;117.4;111.1;112.3;1634000;100.14
14.10.2011;111.6;116.1;111.25;114.3;1253200;101.92
13.10.2011;111.25;112.3;109.6;112;1615000;99.87
12.10.2011;106.9;111.8;105;111.8;2039200;99.69
11.10.2011;106;108.7;104.25;108.1;1457400;96.39
10.10.2011;102.5;107.1;99.5;106.35;1751500;94.83
07.10.2011;99.6;102.4;97.5;101.55;1574600;90.55
06.10.2011;96.37;99.59;95.61;99.59;2557300;88.81
05.10.2011;91.19;95.38;88.15;95.38;2591000;85.05
04.10.2011;93.6;94;86.4;88.54;3288800;78.95
03.10.2011;97.4;97.4;93.96;95.3;1885100;84.98
30.09.2011;105.45;106;97.5;100.05;2573300;89.22
29.09.2011;106.4;108.4;105.05;106.3;1479500;94.79
28.09.2011;107;109.45;104.25;107.15;1307400;95.55
27.09.2011;106.2;108.3;104;108.3;1965100;96.57
26.09.2011;101.25;105.6;100.45;101.55;1876900;90.55
23.09.2011;105.2;105.5;98.69;103.8;2162100;92.56
22.09.2011;107.6;108.2;103.5;103.7;2158200;92.47
21.09.2011;113.1;113.6;110.6;111;1385400;98.98
20.09.2011;108;114.35;107.15;114;1484500;101.65
19.09.2011;111.85;111.9;108.55;108.75;1993300;96.97
16.09.2011;114;115;110.55;115;7550700;102.55
15.09.2011;109.2;113.15;108.2;112.45;2180400;100.27
14.09.2011;102.3;108.95;102.15;108.5;1945700;96.75
13.09.2011;104.5;104.85;100.1;103.25;1830500;92.07
12.09.2011;101.1;104.65;98.55;102.2;1981400;91.13
09.09.2011;106.55;108.5;103.5;103.75;1522200;92.51
08.09.2011;110.1;111;105.8;107.95;1565300;96.26
07.09.2011;106.95;110;105.85;109.75;1408100;97.86
06.09.2011;104.25;106;102.35;103.75;1739800;92.51
05.09.2011;107;110.6;104.05;104.55;1715200;93.23
02.09.2011;113;113.85;108.8;109.2;1827200;97.37
01.09.2011;116.1;116.9;112.8;115.15;1337400;102.68
31.08.2011;112.45;117.15;111.4;115.95;1606700;103.39
30.08.2011;113.4;113.4;110.05;111.8;1198200;99.69
29.08.2011;111.1;112.75;108.65;111.15;1006700;99.11
26.08.2011;108;110;105.35;109.15;1616400;97.33
25.08.2011;111;112.5;103.85;107.8;2130200;96.13
24.08.2011;105.9;109.75;105.15;109.2;1891900;97.37
23.08.2011;103.55;106.35;101.8;104.4;2037400;93.09
22.08.2011;102.45;104.8;101.8;101.8;1964200;90.78
19.08.2011;106.5;107.8;100.65;104.55;3498500;93.23
18.08.2011;113.7;114.95;106.7;107.3;2366500;95.68
17.08.2011;116.2;118.45;115.1;115.35;1307500;102.86
16.08.2011;115.35;117.35;112.7;116.85;1442900;104.2
15.08.2011;121.4;121.45;115.55;116.35;1537000;103.75
12.08.2011;114;119.3;111.05;119.3;2279700;106.38
11.08.2011;113.05;115.3;108.15;114.1;2406300;101.74
10.08.2011;121.5;121.5;107.85;109.4;3982700;97.55
09.08.2011;108.6;114.15;101.75;112.6;3564800;100.41
08.08.2011;113.05;116.6;107;108.85;3313400;97.06
05.08.2011;114.4;121.95;111.8;115.9;3595200;103.35
04.08.2011;129.5;129.75;119.65;121.3;2727900;108.16
03.08.2011;129;129.2;124.45;126.3;2909000;112.62
02.08.2011;137;139;130.8;132.45;1778900;118.11
01.08.2011;143.95;144.3;138.1;138.1;1587800;123.14
29.07.2011;137.95;143.15;136.7;139.45;2022800;124.35
28.07.2011;142.95;146.9;133.15;138.05;3940300;123.1
27.07.2011;145.5;146;140.6;144.05;1464100;128.45
26.07.2011;149.2;149.8;145.6;146.8;973700;130.9
25.07.2011;147.5;149.65;147.1;148.85;808100;132.73
22.07.2011;147.95;149;146.65;148.8;1144800;132.69
21.07.2011;151.8;152;144.65;145.1;2286400;129.39
20.07.2011;151;152.15;148.55;150.35;962100;134.07
19.07.2011;149;151.65;148.35;150.8;812000;134.47
18.07.2011;150.3;152.2;146.8;147.75;1193500;131.75
15.07.2011;147.55;151;145.55;151;1670900;134.65
14.07.2011;146.95;149.45;146.2;146.8;1046700;130.9
13.07.2011;144.7;148.75;144.6;146.9;1409100;130.99
12.07.2011;141.05;144.95;137.85;144.55;2062200;128.9
11.07.2011;147;147.6;140.5;143.75;1577800;128.18
08.07.2011;149.2;150.45;146.6;148.65;1445100;132.55
07.07.2011;149;149.95;148.4;148.8;760400;132.69
06.07.2011;147.5;148.95;145.5;147.8;1011800;131.79
05.07.2011;146;149;145.7;147.35;1067900;131.39
04.07.2011;143.7;146.95;142.95;145.75;643500;129.97
01.07.2011;142;143.5;140.45;142.8;704400;127.34
30.06.2011;142.8;143.15;139.45;142.35;1131900;126.93
29.06.2011;141.4;144.25;140.85;142.7;1519000;127.25
28.06.2011;137;141.1;135.65;141.1;1692800;125.82
27.06.2011;134.75;137.65;133.85;136;865000;121.27
24.06.2011;133.4;137.75;133.35;134.85;1579200;120.25
23.06.2011;133;134.85;131.1;132;837300;117.71
22.06.2011;134.35;134.65;133.1;133.1;845700;118.69
21.06.2011;132.7;134;131.7;133.9;1142100;119.4
20.06.2011;129;132.4;128.5;132;946400;117.71
17.06.2011;129.3;130.95;127.7;130.3;2126100;116.19
16.06.2011;127.6;129.5;126.8;129.5;999200;115.48
15.06.2011;128.3;130.3;128;128.5;1368200;114.58
14.06.2011;127.55;128.8;127.2;128.4;809500;114.5
13.06.2011;125.95;127.05;124.65;126.55;391700;112.85
10.06.2011;127.65;128.8;124.9;125.55;1178800;111.95
09.06.2011;124.25;127.75;124;127.5;1394000;113.69
08.06.2011;122.4;123.95;120.65;123.75;914900;110.35
07.06.2011;123.6;124.6;122.2;123.1;606000;109.77
06.06.2011;122.85;124.6;122.4;123.2;555500;109.86
03.06.2011;122.8;124.45;121.5;122.75;666500;109.46
02.06.2011;123.5;123.8;121.15;122.95;686800;109.64
01.06.2011;124.45;126.25;123.45;124.35;1326600;110.88
31.05.2011;124.3;125.7;122.7;123.4;2811500;110.04
30.05.2011;124.85;125.8;123.2;123.75;422000;110.35
27.05.2011;123;124.6;122.55;124.45;893000;110.97
26.05.2011;124.9;125.2;121.1;121.75;909900;108.57
25.05.2011;120.95;124.45;120.3;124.05;1024600;110.62
24.05.2011;120.65;123.6;120.3;122.55;914100;109.28
23.05.2011;123.05;123.3;120.55;120.75;1157400;107.67
20.05.2011;126.5;128.8;124.2;124.9;2249000;111.37
19.05.2011;125.35;127.4;124.8;126.25;1050600;112.58
18.05.2011;124.95;126.75;124.4;124.4;865100;110.93
17.05.2011;127;127.3;124.05;124.05;1060900;110.62
16.05.2011;127.1;127.6;123.3;127.45;1087800;113.65
13.05.2011;129.05;130.45;127.65;128.45;662000;114.54
12.05.2011;128.55;129;127.5;128.6;831600;114.67
11.05.2011;131.5;132;128.8;129.45;771600;115.43
10.05.2011;128.5;131.4;127.8;130.5;966500;116.37
09.05.2011;129.35;130.55;127.25;127.6;982800;113.78
06.05.2011;128.7;130.95;126.65;130.4;1135300;116.28
05.05.2011;128;129;124.3;128.7;1511400;114.76
04.05.2011;131.5;131.5;125.55;126.8;2114700;113.07
03.05.2011;133.1;133.7;128.2;132.5;3363700;116.14
02.05.2011;134;135.1;132.65;134.75;1352000;118.11
29.04.2011;130.25;133;129.5;133;1093000;116.57
28.04.2011;128.75;131.3;128.05;131;1880600;114.82
27.04.2011;121.95;127.95;121.7;126.5;2911100;110.88
26.04.2011;118.8;121.3;117.8;120.7;863400;105.79
21.04.2011;119;119.2;116.65;118.6;801100;103.95
20.04.2011;114.35;118.9;114.35;118.4;1465200;103.78
19.04.2011;112;114.4;111.9;113;757200;99.04
18.04.2011;113.4;114.5;110.4;111.3;1010600;97.55
15.04.2011;112.8;113.65;112.4;112.7;961900;98.78
14.04.2011;111.7;112.95;111.35;112.3;773100;98.43
13.04.2011;108.75;112.75;108.65;111.6;1097400;97.82
12.04.2011;109;110;107.25;108.65;1180100;95.23
11.04.2011;112.05;112.25;108.5;110.45;1573500;96.81
08.04.2011;115;115.3;111.3;112;1171400;98.17
07.04.2011;116.6;116.6;114.3;114.3;828900;100.18
06.04.2011;117.9;118;116.1;116.85;742600;102.42
05.04.2011;117;117.6;115.5;117.2;787700;102.73
04.04.2011;116.45;117.75;115.8;116.9;665400;102.46
01.04.2011;115.1;116;114.5;115.9;765900;101.59
31.03.2011;116;116.8;114;114.45;940500;100.32
30.03.2011;113;116.05;112.4;115.3;1143200;101.06
29.03.2011;112.65;113.2;110.75;112.2;555200;98.34
28.03.2011;113;113.4;110.95;112.15;971000;98.3
25.03.2011;113.95;114.15;111.35;113.05;744700;99.09
24.03.2011;110.25;114.1;109.6;113.1;1027600;99.13
23.03.2011;109;111.5;108.55;110.2;875100;96.59
22.03.2011;111.8;111.9;109.2;109.65;885300;96.11
21.03.2011;110;111.75;109.25;111.45;1156300;97.69
18.03.2011;109.05;109.85;107.3;108.7;1994200;95.28
17.03.2011;106.95;108.95;105.95;107.3;1422900;94.05
16.03.2011;112;112.05;106.5;106.6;1562900;93.43
15.03.2011;110;110.5;103.3;108.95;2851300;95.49
14.03.2011;112.25;114.5;111.65;113.2;961000;99.22
11.03.2011;113.1;115.5;112.7;114.3;931800;100.18
10.03.2011;117.5;118.05;113.65;114.2;1792600;100.1
09.03.2011;119;120.35;117.9;118.45;998100;103.82
08.03.2011;118;119.2;116.4;118.65;863600;104
07.03.2011;115.2;117.85;114.7;115.95;867700;101.63
04.03.2011;120.25;120.75;116.3;117.1;773100;102.64
03.03.2011;120.1;121.3;118.6;119.05;866300;104.35
02.03.2011;119;119.85;117.1;119.2;1311200;104.48
01.03.2011;123.5;125.75;119.6;120.95;1262000;106.01
28.02.2011;120.5;123.25;119.75;122.9;1214700;107.72
25.02.2011;113.25;119.5;112.75;119.4;1856900;104.65
24.02.2011;113.95;115;111.5;112.45;1631500;98.56
23.02.2011;119.7;120.25;115.05;115.9;1229400;101.59
22.02.2011;117.2;121.45;116.1;120.7;1073500;105.79
21.02.2011;119.65;120.85;116.8;117.35;848400;102.86
18.02.2011;121.5;121.55;118.65;119.65;880900;104.87
17.02.2011;123.05;123.5;118.55;121.05;1212500;106.1
16.02.2011;122.25;123.35;120.6;123;1342000;107.81
15.02.2011;125.95;127.6;121.85;122.25;1139200;107.15
14.02.2011;128.75;129.4;125.6;126.65;760700;111.01
11.02.2011;124.3;128.2;123.6;128.2;1147500;112.37
10.02.2011;122.85;124.9;122.05;124.9;649700;109.47
09.02.2011;122.95;124.3;122.1;123.4;905600;108.16
08.02.2011;119.05;123.2;118;122.9;1460200;107.72
07.02.2011;115.4;119;114.6;119;891000;104.3
04.02.2011;115.5;116;113.95;115.35;693000;101.1
03.02.2011;115.55;116.55;112.75;116;948300;101.67
02.02.2011;118.4;120.6;115.05;115.8;1313500;101.5
01.02.2011;119;120.15;117.2;118.15;888100;103.56
31.01.2011;119.75;120.1;116.2;118;1082800;103.43
28.01.2011;120;120.65;117.25;120.4;1130500;105.53
27.01.2011;119.15;120.65;116.45;118.05;1201100;103.47
26.01.2011;115.45;118.55;115;118.1;1148500;103.51
25.01.2011;116.35;117.2;113.65;114.35;1218200;100.23
24.01.2011;114.05;115.65;109.4;115.65;2161600;101.37
21.01.2011;116.5;116.95;111.8;114;2301300;99.92
20.01.2011;123.2;123.45;115.55;116.05;2411200;101.72
19.01.2011;123.8;124.3;120.8;121.65;1175700;106.63
18.01.2011;125;126.2;122.55;122.95;1121000;107.77
17.01.2011;126.55;126.8;123.15;124.25;817500;108.9
14.01.2011;126.3;128.85;125.55;125.75;867700;110.22
13.01.2011;131.05;131.8;125.7;125.7;1243100;110.18
12.01.2011;131.9;133.25;128.8;130.45;966200;114.34
11.01.2011;126.7;131.8;126.4;131.2;1094600;115
10.01.2011;127.75;128.05;126.05;126.85;545300;111.18
07.01.2011;126;129.2;125.45;127.85;895500;112.06
06.01.2011;126.45;127.35;124.5;124.85;900400;109.43
05.01.2011;128.8;129.55;122.2;125.75;1314400;110.22
04.01.2011;126.65;129.65;125.15;129.05;991800;113.11
03.01.2011;124.2;127.6;123.8;127.6;831700;111.84
30.12.2010;124.7;125;121.4;121.4;363600;106.41
29.12.2010;122;123.85;121.5;123.85;551800;108.55
28.12.2010;122.9;123.4;117.4;121.25;921100;106.28
27.12.2010;127.45;127.45;120.8;122;1152400;106.93
23.12.2010;130.5;130.5;127.55;128.1;402200;112.28
22.12.2010;129.1;131.8;128.3;129.85;588000;113.81
21.12.2010;127;129.15;125.95;129.15;636100;113.2
20.12.2010;122.4;126.8;122.05;126.25;665300;110.66
17.12.2010;127.3;127.3;121.8;121.8;1625300;106.76
16.12.2010;128.9;129.5;125.75;126.1;643100;110.53
15.12.2010;128.4;130.45;125.4;129;981700;113.07
14.12.2010;132;132.85;127.4;128.9;852400;112.98
13.12.2010;130.3;133;129.6;131.4;696700;115.17
10.12.2010;125.1;129;124.2;129;1036900;113.07
09.12.2010;131;131.15;120.2;124.2;3127900;108.86
08.12.2010;136;137.25;128.85;129.25;1387600;113.29
07.12.2010;137.2;138.5;136.1;136.9;1007100;119.99
06.12.2010;137.7;139.45;135.75;136.4;1103300;119.55
03.12.2010;130;135.6;129.5;135.15;1312300;118.46
02.12.2010;129;131.9;127.8;130.15;1668100;114.08
01.12.2010;124.55;128.65;124.55;127.8;1209400;112.02
30.11.2010;124.95;128.1;121.55;123.8;1348700;108.51
29.11.2010;128.95;129;123.6;124.3;1229300;108.95
26.11.2010;126.8;128.4;123.25;127.35;1121000;111.62
25.11.2010;124.75;127.3;124.5;127.05;692000;111.36
24.11.2010;121.1;124.75;118.4;124.35;1305900;108.99
23.11.2010;125;125.7;118.65;119;1930500;104.3
22.11.2010;125;127.2;124.6;125.9;1223300;110.35
19.11.2010;119.15;122.75;118.35;122.7;1082000;107.55
18.11.2010;117.2;119.5;116.7;119.15;847000;104.43
17.11.2010;115.3;116.35;114.15;115.9;698400;101.59
16.11.2010;116.8;118;115.1;115.5;1050300;101.24
15.11.2010;113.7;117.6;112.6;116.6;919000;102.2
12.11.2010;109.5;114.65;108.55;114;1110000;99.92
11.11.2010;109.95;111.15;109.1;110.6;691100;96.94
10.11.2010;110.85;111.2;108.1;108.65;911400;95.23
09.11.2010;109.05;113.1;108.3;111.45;984000;97.69
08.11.2010;108.4;109.05;107.75;108.85;407500;95.41
05.11.2010;108.2;108.5;106.9;107.65;682700;94.36
04.11.2010;108;108.4;106.8;107.8;784300;94.49
03.11.2010;106.6;108;106;106.75;1007900;93.57
02.11.2010;105.6;106.9;105.25;105.8;569400;92.73
01.11.2010;109.4;109.5;103.8;105.05;1203200;92.08
29.10.2010;107.75;109.4;106.5;108;1276300;94.66
28.10.2010;104.9;108.7;104.5;107.35;1261400;94.09
27.10.2010;104.8;105.3;103.6;104.45;1217200;91.55
26.10.2010;103.65;105.65;101.75;104.65;1829400;91.73
25.10.2010;99.5;103.5;99.26;103.35;2007400;90.59
22.10.2010;93.89;98.36;93.22;96.76;2126600;84.81
21.10.2010;90.44;94.49;90.31;93.78;1091000;82.2
20.10.2010;89.85;90.9;89.32;90.54;493700;79.36
19.10.2010;91.4;92.64;89.85;90.3;688000;79.15
18.10.2010;91.59;92.18;91.18;91.5;529800;80.2
15.10.2010;91.18;92.7;90.57;92.2;1150400;80.81
14.10.2010;91.32;92.15;90.59;91.14;588100;79.88
13.10.2010;92.5;92.5;90.3;90.59;836800;79.4
12.10.2010;90.5;92.28;89.39;91.17;986300;79.91
11.10.2010;89.94;90.86;89.89;90.54;704700;79.36
08.10.2010;87.5;89.82;87;89.28;805100;78.25
07.10.2010;85.3;88.09;84.63;87.13;808800;76.37
06.10.2010;85;87.19;84.51;84.95;1709000;74.46
05.10.2010;83.75;84.6;81.8;83.97;2599700;73.6
04.10.2010;87;87.26;82.79;83.36;2102300;73.06
01.10.2010;88.43;89.5;86.3;86.5;952700;75.82
30.09.2010;89.45;90;88.22;88.53;896800;77.6
29.09.2010;90.69;91.15;88.95;89.95;689500;78.84
28.09.2010;91;91.24;89.15;90.29;724300;79.14
27.09.2010;91.07;91.32;89.62;91.06;388800;79.81
24.09.2010;88.75;91.13;88.28;90.93;642500;79.7
23.09.2010;91.23;91.23;87.59;88.75;715500;77.79
22.09.2010;91.93;92.19;89.57;90.78;609500;79.57
21.09.2010;91.83;92.6;91.2;91.82;572400;80.48
20.09.2010;91.3;91.9;90.69;91.82;673100;80.48
17.09.2010;89.8;92.71;89.33;91.21;3414600;79.95
16.09.2010;89.79;89.93;87.82;88.88;785300;77.9
15.09.2010;89.02;89.92;88.79;89.57;657800;78.51
14.09.2010;88.9;89.25;88.08;89.02;688600;78.03
13.09.2010;88.56;89.61;88.25;88.96;1045900;77.97
10.09.2010;85.5;88.07;85.21;87.78;1054700;76.94
09.09.2010;83.28;85.42;82.61;85.42;1037400;74.87
08.09.2010;83.22;84.15;82.23;83.33;820000;73.04
07.09.2010;83.01;83.39;82.31;83.3;422800;73.01
06.09.2010;83.2;83.3;82.31;83.14;461700;72.87
03.09.2010;81.82;83.6;81.44;82.8;560200;72.57
02.09.2010;80.49;82.17;79.34;81.55;645500;71.48
01.09.2010;79.03;80.83;77.68;80.7;619500;70.73
31.08.2010;77.12;78.53;76.8;78.53;787900;68.83
30.08.2010;78.99;79.39;77.5;78.12;380600;68.47
27.08.2010;79;79.3;77.15;79.02;885300;69.26
26.08.2010;78.17;79.93;77.75;79.21;689500;69.43
25.08.2010;78.66;78.94;76.16;77.6;880500;68.02
24.08.2010;79.49;79.74;78;79.08;774400;69.31
23.08.2010;79.13;80;78.65;79.89;690700;70.02
20.08.2010;78.48;79.16;77.66;78.86;783700;69.12
19.08.2010;78.76;79.9;77.92;78.58;786000;68.88
18.08.2010;78.6;79.17;77.05;78.03;857500;68.39
17.08.2010;78;78.95;77.9;78.6;628100;68.89
16.08.2010;77.22;78.4;76.7;77.6;429700;68.02
13.08.2010;78.12;78.66;76.23;77.02;820600;67.51
12.08.2010;78.2;78.4;76.73;77.93;1080900;68.31
11.08.2010;79.95;80.69;77.93;78.07;926300;68.43
10.08.2010;80.5;80.5;79.16;79.97;783500;70.09
09.08.2010;81.4;81.4;80.08;80.37;815300;70.44
06.08.2010;81.84;82.19;79.62;79.75;916300;69.9
05.08.2010;81.95;82.72;81.02;81.5;882500;71.43
04.08.2010;83.38;83.42;80.9;81.88;1031200;71.77
03.08.2010;84.25;85.16;81.77;83.32;1182300;73.03
02.08.2010;81.75;84.88;81.12;84.5;1820900;74.06
30.07.2010;81.66;81.75;80.18;81.31;1232500;71.27
29.07.2010;78.58;81.75;77.55;80.99;2518300;70.99
28.07.2010;78.52;79.35;76.43;78.59;873000;68.88
27.07.2010;79.9;80;78.32;78.69;842100;68.97
26.07.2010;79.4;79.95;78.96;79.95;597900;70.08
23.07.2010;78.62;79.39;77.61;79.27;934700;69.48
22.07.2010;75.34;78.9;75.2;78.72;1442700;69
21.07.2010;74.82;76.76;74.27;75.46;810300;66.14
20.07.2010;74.9;75.48;73.79;74.19;661000;65.03
19.07.2010;76;76.33;74.05;74.63;756800;65.41
16.07.2010;75.99;77.21;74.18;76;1099100;66.61
15.07.2010;76.6;77.9;75.23;75.82;931100;66.46
14.07.2010;77.4;77.4;75.85;77.3;900300;67.75
13.07.2010;73.44;77.04;73.44;77;1475200;67.49
12.07.2010;72.69;73.87;72.5;73.22;852200;64.18
09.07.2010;71.25;72.44;70.92;72.12;535700;63.21
08.07.2010;71.63;71.97;70.85;71.25;756300;62.45
07.07.2010;70.45;71.65;70.06;71.24;767100;62.44
06.07.2010;70.59;71.97;70.59;71.38;665800;62.56
05.07.2010;70.47;70.85;69.81;70;387500;61.35
02.07.2010;71;71.5;70;70.07;704100;61.42
01.07.2010;71.5;71.7;69.97;69.97;1475200;61.33
30.06.2010;73.52;74.71;72.22;72.38;1153100;63.44
29.06.2010;74.85;75.14;72.81;73.43;1233300;64.36
28.06.2010;75.15;76.56;75.1;75.94;590600;66.56
25.06.2010;76.2;76.41;74.97;75.07;1255000;65.8
24.06.2010;77.02;78.15;76.01;77.23;897600;67.69
23.06.2010;76;77.77;75.6;76.81;564800;67.32
22.06.2010;77.44;77.82;75.43;76.65;991000;67.18
21.06.2010;77.12;78.23;76.59;77.73;1238500;68.13
18.06.2010;75.25;76;74.47;75.75;2497700;66.39
17.06.2010;72.32;75.2;72.23;75.2;1617800;65.91
16.06.2010;72.82;72.88;71.08;72.44;1423200;63.49
15.06.2010;71.6;72.64;70.77;72.27;813100;63.34
14.06.2010;72.9;73.01;71.45;72.11;778300;63.2
11.06.2010;72.5;72.9;70.8;72.18;1095600;63.27
10.06.2010;69.96;72.59;69.23;72.21;1193800;63.29
09.06.2010;69.7;70.38;68.79;70.31;944400;61.63
08.06.2010;70.45;70.45;68.62;69.18;1162100;60.64
07.06.2010;69.2;70.44;68.5;69.95;811700;61.31
04.06.2010;72.2;72.59;69.89;70.03;1113400;61.38
03.06.2010;72.9;73.39;71.32;72.29;1040300;63.36
02.06.2010;71.7;72.67;70.41;72.04;960100;63.14
01.06.2010;71.5;72.85;70.01;72.36;1087500;63.42
31.05.2010;70.18;72;70.15;71.73;534300;62.87
28.05.2010;70.87;71.48;69.73;70.18;973500;61.51
27.05.2010;69.73;71;69.32;70.52;1146700;61.81
26.05.2010;66.67;70.42;66.22;69.68;1676700;61.07
25.05.2010;66.83;66.85;65.1;66.05;1321800;57.89
24.05.2010;66.75;68.34;65.05;68.16;1145000;59.74
21.05.2010;66.13;67.74;64.02;66.05;2613000;57.89
20.05.2010;69.75;70.26;64.36;66.5;2868800;58.29
19.05.2010;70.4;70.65;67.79;69.07;1713600;60.54
18.05.2010;70.5;71.69;70.09;71.12;1149000;62.34
17.05.2010;71.26;71.61;69.47;69.54;1334800;60.95
14.05.2010;72.48;72.91;70.7;71.12;1555100;62.34
13.05.2010;73.18;74;72.54;72.86;1202100;63.86
12.05.2010;70.96;72.83;70.35;72.4;1175200;63.46
11.05.2010;70.44;70.9;69.54;70.9;1357100;62.14
10.05.2010;69;71.33;68.69;70.77;2168300;62.03
07.05.2010;68;68.78;66.25;67.31;3129500;59
06.05.2010;68.43;70.82;68;69.21;1965200;60.66
05.05.2010;70.35;71.12;67.67;68.68;2723900;60.2
04.05.2010;73.85;73.85;69.72;70.16;1873200;61.5
03.05.2010;72.74;73.46;70.84;73.36;784800;64.3
30.04.2010;72.87;73.38;70.68;72.54;1380300;63.58
29.04.2010;69;72.41;68.7;72.41;2078200;63.47
28.04.2010;70;70.41;67.71;68.6;3262400;60.13
27.04.2010;73.28;73.34;71.04;71.04;1486800;62.27
26.04.2010;74.5;74.75;72.9;73.5;1288500;64.42
23.04.2010;75.51;75.9;73.2;73.47;2157100;64.4
22.04.2010;75.35;76.46;73.86;76.18;3031500;64.8
21.04.2010;73.76;75.72;72.85;75.26;5870100;64.01
20.04.2010;71.51;73.48;71.1;72.5;2147800;61.67
19.04.2010;71;71.15;69.2;70;1383400;59.54
16.04.2010;69.99;71.9;69.81;70.92;3355400;60.32
15.04.2010;69.86;71;69.5;70.4;1769300;59.88
14.04.2010;67.94;69.79;67.56;69.69;2308900;59.28
13.04.2010;68.11;68.38;67.02;67.5;1759200;57.41
12.04.2010;69;69.2;68.06;68.2;882900;58.01
09.04.2010;69.78;70;68.02;68.7;3643500;58.43
08.04.2010;70.3;70.6;68.28;68.9;2053200;58.6
07.04.2010;70.93;71.39;70.42;70.65;1992800;60.09
06.04.2010;69.76;71.3;69.66;71.12;2923400;60.49
01.04.2010;68.1;69.65;67.75;69.52;2340700;59.13
31.03.2010;67.8;68.38;66.8;67.9;5337400;57.75
30.03.2010;69.5;70;67.43;67.91;2354100;57.76
29.03.2010;69.49;70.42;68.9;69.34;1389200;58.98
26.03.2010;68.05;69.39;67.85;69.2;3797000;58.86
25.03.2010;69.5;69.53;66.57;66.57;3576000;56.62
24.03.2010;69;69.44;68.14;69.01;2566500;58.7
23.03.2010;72.37;72.9;66.8;68.5;5896800;58.26
22.03.2010;72;73.19;70.5;72.95;911800;62.05
19.03.2010;71.99;73.8;71.12;72.16;2087800;61.38
18.03.2010;71.36;72.77;70.55;71.48;824300;60.8
17.03.2010;70.9;71.65;69.34;71.45;847900;60.77
16.03.2010;69.45;70.88;69;70.4;591500;59.88
15.03.2010;70.26;71;68.63;68.84;856700;58.55
12.03.2010;69.14;74.2;69.04;69.99;3571000;59.53
11.03.2010;63.75;69.09;63.5;68.68;3020700;58.42
10.03.2010;63.74;64.03;62.4;63.75;1016700;54.22
09.03.2010;64.98;65.35;63.61;63.62;948100;54.11
08.03.2010;63.73;64.79;62.72;64.63;1279100;54.97
05.03.2010;61.95;64;61.47;63.4;1569300;53.93
04.03.2010;61.9;62.78;61.1;61.4;755100;52.22
03.03.2010;61.03;62.28;60.5;62.11;785800;52.83
02.03.2010;60.5;61.3;60.45;60.7;731800;51.63
01.03.2010;60.25;60.9;59.62;60.3;1087200;51.29
26.02.2010;60.85;61;59.11;59.8;1362500;50.86
25.02.2010;61.41;62.41;60.34;60.58;778800;51.53
24.02.2010;60.87;62.1;60.53;61.66;841000;52.45
23.02.2010;62;62.44;60.14;60.69;1004200;51.62
22.02.2010;60.49;62.35;59.79;61.26;1056400;52.11
19.02.2010;59.23;60.16;58.76;60.14;879500;51.15
18.02.2010;59.1;60.3;58.28;59.42;1045600;50.54
17.02.2010;57;59.49;56.87;59.1;1321000;50.27
16.02.2010;56.32;56.79;55.23;56.63;466200;48.17
15.02.2010;56.11;56.64;55.67;55.83;375500;47.49
12.02.2010;57.99;58.56;55;56.06;1492200;47.68
11.02.2010;59;59.3;56.54;57.15;1282500;48.61
10.02.2010;58;58.95;57.71;58.9;875600;50.1
09.02.2010;58.77;59.45;56.86;57.42;1075400;48.84
08.02.2010;59.7;59.7;57.83;58.65;1237000;49.89
05.02.2010;59.95;60.28;58.35;59.24;1722100;50.39
04.02.2010;61.65;62.54;60.01;60.6;1477100;51.54
03.02.2010;61.3;62.95;61.16;61.5;1849700;52.31
02.02.2010;60.63;61.45;59.46;61.04;1548500;51.92
01.02.2010;58.5;60.9;58.27;60.62;1356300;51.56
29.01.2010;57;59.55;56.71;58.6;1316800;49.84
28.01.2010;56.8;57.42;56.28;56.5;1391500;48.06
27.01.2010;57.35;57.67;55.37;56.19;1281200;47.79
26.01.2010;56.51;57.8;55.96;57.8;875700;49.16
25.01.2010;56.66;57.82;55.91;57.15;940200;48.61
22.01.2010;57.77;59.69;56.68;56.91;1588900;48.41
21.01.2010;59.67;60.02;57.68;58.05;976600;49.37
20.01.2010;60;60.47;58.76;59.5;1113100;50.61
19.01.2010;61.47;61.57;57.91;60.7;1999400;51.63
18.01.2010;61.9;62.74;61.63;61.63;616900;52.42
15.01.2010;63.5;63.77;61.3;61.46;1008700;52.28
14.01.2010;64.16;64.26;62.91;63.5;838700;54.01
13.01.2010;64.61;64.96;62.73;63.5;1505800;54.01
12.01.2010;66.81;66.88;64.55;65.2;923700;55.46
11.01.2010;67;67.79;66.55;66.95;1033500;56.94
08.01.2010;65.9;67.1;65.71;66.46;932200;56.53
07.01.2010;64.97;66.31;64.43;65.75;1101400;55.92
06.01.2010;63.59;65.19;62.62;65;1195000;55.29
05.01.2010;64.5;64.89;62.18;63.25;888000;53.8
04.01.2010;65.15;65.73;63.45;64.5;900700;54.86
30.12.2009;65.79;65.9;64.59;65.74;339400;55.92
29.12.2009;64.88;65.64;63.92;65.63;405400;55.82
28.12.2009;64.38;64.8;63.63;64.51;525100;54.87
23.12.2009;66.04;66.15;63.26;63.64;1979400;54.13
22.12.2009;67;67.74;65.06;65.5;3893300;55.71
21.12.2009;67.62;67.96;65.6;66.42;1113200;56.49
18.12.2009;65.98;69.05;64.56;65.95;1977600;56.09
17.12.2009;68.3;68.33;65.51;66.23;761300;56.33
16.12.2009;67.92;68.48;67.7;68.48;850800;58.25
15.12.2009;68;68.43;67.62;68.2;706100;58.01
14.12.2009;67.7;68.43;67.16;67.88;1046400;57.74
11.12.2009;65.24;67.2;65.09;66.63;1465600;56.67
10.12.2009;64;65.37;63.3;65;692500;55.29
09.12.2009;64.26;65.19;63.31;63.59;1138700;54.09
08.12.2009;64.99;65.14;63.35;64.1;1364000;54.52
07.12.2009;63.75;64.97;63.32;64.53;811200;54.89
04.12.2009;61.9;63.79;60.3;63.5;1060300;54.01
03.12.2009;62;63.62;61.63;62.7;1592500;53.33
02.12.2009;60.11;61.63;59.26;61.63;1276800;52.42
01.12.2009;58.25;60.01;58.2;59.5;2001800;50.61
30.11.2009;55.85;57.2;54.96;56.5;1485200;48.06
27.11.2009;52.49;54.94;51.54;54.5;2121000;46.36
26.11.2009;57;57;52.9;53.54;1934300;45.54
25.11.2009;58.39;59.26;56.65;57.2;1141800;48.65
24.11.2009;59.29;60.2;56.86;57.61;1823300;49
23.11.2009;58.2;59.8;58;59.22;1204000;50.37
20.11.2009;61.38;61.38;57.28;57.51;2029600;48.92
19.11.2009;61.77;61.79;60.68;61.2;619000;52.05
18.11.2009;62.17;62.62;61.53;61.62;718200;52.41
17.11.2009;62.8;62.99;61.61;61.85;734300;52.61
16.11.2009;61.1;62.7;60.7;62.45;1053800;53.12
13.11.2009;60.55;61.2;60.08;60.25;1342600;51.25