02.05.2016;1.0994;1.1007;1.0993;1.0998;0
29.04.2016;1.0974;1.0994;1.0957;1.0984;1
28.04.2016;1.1;1.1004;1.0965;1.097;2
27.04.2016;1.1002;1.101;1.0991;1.0997;3
26.04.2016;1.099;1.1004;1.0983;1.1002;4
25.04.2016;1.0982;1.0993;1.0965;1.0991;5
22.04.2016;1.1004;1.1016;1.0979;1.0986;6
21.04.2016;1.0982;1.1007;1.0964;1.1006;7
20.04.2016;1.0922;1.0989;1.0918;1.0984;8
19.04.2016;1.0911;1.0929;1.0904;1.0924;9
18.04.2016;1.0921;1.0923;1.0904;1.091;10
15.04.2016;1.0888;1.0927;1.0885;1.0923;11
14.04.2016;1.0904;1.0904;1.0868;1.089;12
13.04.2016;1.0876;1.091;1.0872;1.0903;13
12.04.2016;1.0887;1.0893;1.0873;1.0878;14
11.04.2016;1.0868;1.0898;1.0866;1.0892;15
08.04.2016;1.0877;1.0894;1.0861;1.0868;16
07.04.2016;1.0893;1.0906;1.0846;1.087;17
06.04.2016;1.0885;1.091;1.0882;1.0897;18
05.04.2016;1.0922;1.0925;1.088;1.0885;19
04.04.2016;1.0925;1.0933;1.0913;1.0923;20
01.04.2016;1.0944;1.095;1.0906;1.0915;21
31.03.2016;1.0935;1.0953;1.0906;1.0946;22
30.03.2016;1.0912;1.0942;1.0895;1.0937;23
29.03.2016;1.0907;1.0928;1.0885;1.0913;24
28.03.2016;1.0913;1.0917;1.0901;1.0907;25
25.03.2016;1.0906;1.0923;1.0895;1.0911;26
24.03.2016;1.0906;1.0909;1.0876;1.0906;27
23.03.2016;1.0913;1.0923;1.0875;1.0907;28
22.03.2016;1.0911;1.0916;1.0876;1.0912;29
21.03.2016;1.0937;1.0942;1.0896;1.091;30
18.03.2016;1.0946;1.0948;1.0906;1.0924;31
17.03.2016;1.0973;1.0994;1.0923;1.0944;32
16.03.2016;1.096;1.0983;1.0941;1.0971;33
15.03.2016;1.0964;1.0971;1.0945;1.0961;34
14.03.2016;1.0969;1.0991;1.0946;1.0963;35
11.03.2016;1.1007;1.1017;1.0937;1.0953;36
10.03.2016;1.0974;1.1022;1.09;1.1006;37
09.03.2016;1.0959;1.1;1.0948;1.0969;38
08.03.2016;1.0963;1.097;1.0918;1.0959;39
07.03.2016;1.0921;1.0974;1.0917;1.0968;40
04.03.2016;1.086;1.0944;1.0853;1.0932;41
03.03.2016;1.0834;1.0874;1.0828;1.086;42
02.03.2016;1.0839;1.0859;1.0821;1.0831;43
01.03.2016;1.0893;1.0893;1.0825;1.0841;44
29.02.2016;1.0894;1.0894;1.0893;1.0893;45
26.02.2016;1.0917;1.0941;1.0888;1.0889;46
25.02.2016;1.0893;1.0948;1.089;1.0916;47
24.02.2016;1.0928;1.0943;1.0865;1.0895;48
23.02.2016;1.1025;1.1028;1.0916;1.0929;49
22.02.2016;1.1014;1.1027;1.0995;1.1023;50
19.02.2016;1.1031;1.1048;1.0999;1.1017;51
18.02.2016;1.1046;1.1054;1.1021;1.1031;52
17.02.2016;1.1013;1.1061;1.1006;1.1045;53
16.02.2016;1.1014;1.1033;1.1007;1.1013;54
15.02.2016;1.0984;1.1032;1.0981;1.1016;55
12.02.2016;1.1006;1.1021;1.0966;1.0996;56
11.02.2016;1.0984;1.1043;1.0951;1.1004;57
10.02.2016;1.0986;1.0996;1.0952;1.0987;58
09.02.2016;1.1053;1.1054;1.0959;1.0991;59
08.02.2016;1.107;1.1095;1.1019;1.1054;60
05.02.2016;1.1131;1.1135;1.1035;1.1059;61
04.02.2016;1.1151;1.1199;1.1115;1.1129;62
03.02.2016;1.1128;1.1161;1.11;1.1147;63
02.02.2016;1.1104;1.1159;1.1102;1.1125;64
01.02.2016;1.1079;1.1116;1.1077;1.1106;65
29.01.2016;1.1092;1.1165;1.1058;1.1081;66
28.01.2016;1.1062;1.1107;1.1046;1.1093;67
27.01.2016;1.1056;1.1076;1.103;1.1062;68
26.01.2016;1.0989;1.106;1.0986;1.1054;69
25.01.2016;1.0963;1.1006;1.0958;1.0989;70
22.01.2016;1.0954;1.0987;1.0923;1.0973;71
21.01.2016;1.0939;1.0974;1.0919;1.0951;72
20.01.2016;1.095;1.0979;1.091;1.0941;73
19.01.2016;1.0947;1.0965;1.0912;1.0948;74
18.01.2016;1.0941;1.0963;1.0937;1.0947;75
15.01.2016;1.0921;1.0961;1.0913;1.0931;76
14.01.2016;1.095;1.0982;1.0915;1.0923;77
13.01.2016;1.0879;1.0955;1.0871;1.0948;78
12.01.2016;1.0878;1.0887;1.0844;1.0879;79
11.01.2016;1.0862;1.0883;1.0845;1.0877;80
08.01.2016;1.0857;1.0885;1.0843;1.087;81
07.01.2016;1.0857;1.0884;1.0842;1.0859;82
06.01.2016;1.0845;1.087;1.0828;1.086;83
05.01.2016;1.0855;1.0879;1.0836;1.0844;84
04.01.2016;1.0866;1.0901;1.0837;1.0854;85
01.01.2016;1.0863;1.0863;1.0863;1.0863;86
31.12.2015;1.0806;1.088;1.0794;1.0863;87
30.12.2015;1.0842;1.085;1.0778;1.0803;88
29.12.2015;1.0842;1.0857;1.0827;1.0843;89
28.12.2015;1.0822;1.0855;1.0816;1.0842;90
25.12.2015;1.0813;1.0813;1.0813;1.0813;91
24.12.2015;1.0808;1.0822;1.08;1.0813;92
23.12.2015;1.082;1.0825;1.0801;1.0808;93
22.12.2015;1.083;1.0847;1.0815;1.0819;94
21.12.2015;1.0776;1.0841;1.0775;1.083;95
18.12.2015;1.0781;1.0797;1.0757;1.0781;96
17.12.2015;1.0797;1.0824;1.0775;1.0784;97
16.12.2015;1.0836;1.0838;1.0761;1.0802;98
15.12.2015;1.0841;1.0845;1.0804;1.0837;99
14.12.2015;1.0805;1.0842;1.0767;1.0839;100
11.12.2015;1.0814;1.0841;1.0795;1.081;101
10.12.2015;1.0836;1.0847;1.0795;1.0812;102
09.12.2015;1.0808;1.0855;1.0807;1.0837;103
08.12.2015;1.0838;1.0858;1.0803;1.0812;104
07.12.2015;1.0843;1.0877;1.0816;1.0837;105
04.12.2015;1.086;1.0916;1.0831;1.0844;106
03.12.2015;1.0807;1.0938;1.0801;1.0866;107
02.12.2015;1.0905;1.0911;1.0808;1.0808;108
01.12.2015;1.0872;1.0935;1.0856;1.0905;109
30.11.2015;1.0908;1.0917;1.0846;1.0873;110
27.11.2015;1.0857;1.0927;1.0853;1.091;111
26.11.2015;1.0851;1.0877;1.0842;1.0857;112
25.11.2015;1.0824;1.086;1.0812;1.0851;113
24.11.2015;1.0831;1.0852;1.0812;1.0825;114
23.11.2015;1.0832;1.0856;1.0814;1.083;115
20.11.2015;1.0873;1.0877;1.0835;1.0844;116
19.11.2015;1.087;1.09;1.0861;1.0873;117
18.11.2015;1.0797;1.0872;1.079;1.0869;118
17.11.2015;1.0787;1.082;1.0774;1.0795;119
16.11.2015;1.0793;1.0817;1.0784;1.0788;120
13.11.2015;1.0812;1.0836;1.0781;1.0835;121
12.11.2015;1.0799;1.0827;1.0756;1.0813;122
11.11.2015;1.0789;1.0806;1.077;1.0798;123
10.11.2015;1.0797;1.08;1.0762;1.079;124
09.11.2015;1.0806;1.0818;1.0768;1.0791;125
06.11.2015;1.0835;1.084;1.0743;1.0798;126
05.11.2015;1.0793;1.0844;1.0787;1.0834;127
04.11.2015;1.0862;1.0869;1.0782;1.0793;128
03.11.2015;1.0874;1.0877;1.0846;1.0865;129
02.11.2015;1.0885;1.0894;1.0859;1.0873;130
30.10.2015;1.0868;1.0918;1.0851;1.0871;131
29.10.2015;1.0859;1.0878;1.0837;1.0868;132
28.10.2015;1.0893;1.0909;1.083;1.0859;133
27.10.2015;1.0867;1.0898;1.0849;1.0895;134
26.10.2015;1.0781;1.0878;1.0773;1.0868;135
23.10.2015;1.0806;1.0828;1.0759;1.0784;136
22.10.2015;1.0879;1.0899;1.0792;1.0805;137
21.10.2015;1.0851;1.0891;1.0839;1.088;138
20.10.2015;1.0834;1.0854;1.0798;1.0849;139
19.10.2015;1.0834;1.0852;1.0813;1.0833;140
16.10.2015;1.0844;1.0848;1.0784;1.0826;141
15.10.2015;1.0897;1.0909;1.0814;1.0814;142
14.10.2015;1.0903;1.0917;1.0878;1.0899;143
13.10.2015;1.0935;1.095;1.0891;1.0903;144
12.10.2015;1.0928;1.0944;1.0915;1.0936;145
09.10.2015;1.09;1.093;1.0881;1.0927;146
08.10.2015;1.0941;1.0948;1.0892;1.0899;147
07.10.2015;1.09;1.0948;1.0867;1.094;148
06.10.2015;1.0919;1.094;1.0898;1.0905;149
05.10.2015;1.0902;1.0945;1.0895;1.0916;150
02.10.2015;1.0934;1.0941;1.0885;1.0893;151
01.10.2015;1.0883;1.0942;1.0876;1.0933;152
30.09.2015;1.0926;1.0945;1.0877;1.0884;153
29.09.2015;1.0947;1.0956;1.0896;1.0926;154
28.09.2015;1.0961;1.0967;1.0913;1.0948;155
25.09.2015;1.0933;1.0981;1.0891;1.0958;156
24.09.2015;1.0953;1.0967;1.0917;1.0932;157
23.09.2015;1.0849;1.0958;1.0841;1.0956;158
22.09.2015;1.0876;1.0888;1.0824;1.0848;159
21.09.2015;1.0947;1.0958;1.0845;1.0874;160
18.09.2015;1.0983;1.0983;1.09;1.0945;161
17.09.2015;1.0963;1.0995;1.0947;1.0973;162
16.09.2015;1.0973;1.0994;1.0916;1.0965;163
15.09.2015;1.0955;1.0999;1.0944;1.0974;164
14.09.2015;1.0992;1.1012;1.0939;1.0955;165
11.09.2015;1.0974;1.105;1.0968;1.0989;166
10.09.2015;1.0943;1.0983;1.0922;1.0975;167
09.09.2015;1.0963;1.0974;1.088;1.0942;168
08.09.2015;1.0892;1.0984;1.0873;1.0964;169
07.09.2015;1.0847;1.0899;1.083;1.0894;170
05.09.2015;1.084;1.084;1.084;1.084;171
04.09.2015;1.0826;1.0874;1.0801;1.084;172
03.09.2015;1.088;1.0903;1.0821;1.0827;173
02.09.2015;1.0846;1.0902;1.0832;1.088;174
01.09.2015;1.0838;1.0872;1.0816;1.0848;175
31.08.2015;1.0774;1.0855;1.0773;1.084;176
28.08.2015;1.0859;1.087;1.0734;1.0766;177
27.08.2015;1.0796;1.0871;1.0758;1.0861;178
26.08.2015;1.0825;1.0858;1.0762;1.0797;179
25.08.2015;1.0802;1.0881;1.0773;1.082;180
24.08.2015;1.0783;1.0873;1.0764;1.0804;181
21.08.2015;1.077;1.0802;1.0756;1.0774;182
20.08.2015;1.0734;1.0793;1.0713;1.0772;183
19.08.2015;1.0778;1.0801;1.0715;1.0734;184
18.08.2015;1.0841;1.0848;1.076;1.0775;185
17.08.2015;1.0845;1.0854;1.0815;1.0843;186
14.08.2015;1.0888;1.0891;1.0836;1.0842;187
13.08.2015;1.0884;1.0894;1.0828;1.0885;188
12.08.2015;1.0911;1.096;1.0842;1.0883;189
11.08.2015;1.0837;1.0918;1.0775;1.091;190
10.08.2015;1.0783;1.0841;1.0761;1.0838;191
07.08.2015;1.0716;1.0788;1.0708;1.0783;192
06.08.2015;1.0674;1.0723;1.0672;1.0715;193
05.08.2015;1.0648;1.0682;1.0624;1.0674;194
04.08.2015;1.0616;1.0672;1.0601;1.0647;195
03.08.2015;1.0602;1.0602;1.0602;1.0602;196
31.07.2015;1.0596;1.0653;1.0532;1.0602;197
30.07.2015;1.0624;1.0667;1.0576;1.0596;198
29.07.2015;1.0648;1.0654;1.061;1.0623;199
28.07.2015;1.0673;1.0675;1.0632;1.0644;200
27.07.2015;1.0568;1.0568;1.0568;1.0568;201
26.07.2015;1.0568;1.0568;1.0568;1.0568;202
24.07.2015;1.0542;1.0581;1.0507;1.0568;203
23.07.2015;1.0489;1.0553;1.0472;1.0541;204
22.07.2015;1.0484;1.0493;1.0459;1.0489;205
21.07.2015;1.0437;1.0493;1.0426;1.0482;206
20.07.2015;1.0414;1.0414;1.0414;1.0414;207
19.07.2015;1.0414;1.0414;1.0414;1.0414;208
17.07.2015;1.0415;1.0441;1.0409;1.0414;209
16.07.2015;1.0421;1.0439;1.0399;1.0417;210
15.07.2015;1.0403;1.0453;1.0398;1.0422;211
14.07.2015;1.0454;1.0465;1.04;1.0402;212
13.07.2015;1.0474;1.0474;1.0474;1.0474;213
12.07.2015;1.0474;1.0474;1.0474;1.0474;214
10.07.2015;1.0472;1.0525;1.0428;1.0474;215
09.07.2015;1.0471;1.0506;1.0431;1.047;216
08.07.2015;1.0413;1.0518;1.0394;1.0471;217
07.07.2015;1.0421;1.0435;1.0367;1.0409;218
06.07.2015;1.0452;1.0452;1.0452;1.0452;219
05.07.2015;1.0452;1.0452;1.0452;1.0452;220
03.07.2015;1.046;1.0471;1.0431;1.0452;221
02.07.2015;1.048;1.0524;1.0449;1.046;222
01.07.2015;1.0425;1.0493;1.0405;1.048;223
30.06.2015;1.039;1.0453;1.0372;1.0419;224
29.06.2015;1.0422;1.0422;1.0422;1.0422;225
28.06.2015;1.0422;1.0422;1.0422;1.0422;226
26.06.2015;1.0486;1.0496;1.0412;1.0422;227
25.06.2015;1.0461;1.0546;1.0454;1.0487;228
24.06.2015;1.0432;1.0474;1.0425;1.046;229
23.06.2015;1.0449;1.0474;1.0426;1.0433;230
22.06.2015;1.042;1.042;1.042;1.042;231
21.06.2015;1.042;1.042;1.042;1.042;232
19.06.2015;1.0476;1.0489;1.0404;1.042;233
18.06.2015;1.0458;1.0533;1.0439;1.0474;234
17.06.2015;1.0484;1.0486;1.0404;1.0455;235
16.06.2015;1.0491;1.0509;1.0455;1.0483;236
15.06.2015;1.046;1.046;1.046;1.046;237
14.06.2015;1.046;1.046;1.046;1.046;238
12.06.2015;1.0498;1.0507;1.0427;1.046;239
11.06.2015;1.0552;1.0554;1.0495;1.0495;240
10.06.2015;1.05;1.0553;1.0476;1.0552;241
09.06.2015;1.0465;1.0513;1.0443;1.05;242
08.06.2015;1.0442;1.0442;1.0442;1.0442;243
07.06.2015;1.0442;1.0442;1.0442;1.0442;244
05.06.2015;1.0485;1.0535;1.0441;1.0442;245
04.06.2015;1.0525;1.0573;1.0481;1.0482;246
03.06.2015;1.0406;1.054;1.0399;1.0527;247
02.06.2015;1.0331;1.0432;1.0312;1.0405;248
01.06.2015;1.0336;1.0336;1.0336;1.0336;249
31.05.2015;1.0336;1.0336;1.0336;1.0336;250
29.05.2015;1.0336;1.0364;1.0281;1.0336;251
28.05.2015;1.0358;1.0361;1.0307;1.0338;252
27.05.2015;1.0366;1.0373;1.0317;1.0359;253
26.05.2015;1.038;1.0383;1.0324;1.0368;254
25.05.2015;1.0393;1.0393;1.0393;1.0393;255
24.05.2015;1.0393;1.0393;1.0393;1.0393;256
22.05.2015;1.0408;1.0449;1.0387;1.0393;257
21.05.2015;1.0393;1.0418;1.0387;1.041;258
20.05.2015;1.0445;1.0449;1.0391;1.0393;259
19.05.2015;1.0479;1.0489;1.0405;1.0446;260
18.05.2015;1.0483;1.0483;1.0483;1.0483;261
17.05.2015;1.0483;1.0483;1.0483;1.0483;262
15.05.2015;1.041;1.0506;1.0402;1.0483;263
14.05.2015;1.041;1.043;1.0385;1.0411;264
13.05.2015;1.0421;1.044;1.0404;1.0411;265
12.05.2015;1.0419;1.0438;1.0386;1.0422;266
11.05.2015;1.0444;1.0444;1.0444;1.0444;267
10.05.2015;1.0444;1.0444;1.0444;1.0444;268
08.05.2015;1.0378;1.0451;1.0333;1.0444;269
07.05.2015;1.0391;1.0403;1.0306;1.0378;270
06.05.2015;1.0363;1.04;1.0358;1.0392;271
05.05.2015;1.0409;1.0426;1.0348;1.0363;272
04.05.2015;1.0444;1.0444;1.0444;1.0444;273
03.05.2015;1.0444;1.0444;1.0444;1.0444;274
01.05.2015;1.0466;1.0502;1.0443;1.0444;275
30.04.2015;1.0456;1.0523;1.043;1.0466;276
29.04.2015;1.0488;1.0508;1.0428;1.0457;277
28.04.2015;1.04;1.0498;1.038;1.0486;278
27.04.2015;1.0371;1.0371;1.0371;1.0371;279
26.04.2015;1.0371;1.0371;1.0371;1.0371;280
24.04.2015;1.033;1.0381;1.0318;1.0371;281
23.04.2015;1.041;1.041;1.0314;1.0331;282
22.04.2015;1.0261;1.0427;1.024;1.0406;283
21.04.2015;1.027;1.0275;1.0236;1.0262;284
20.04.2015;1.0291;1.0291;1.0291;1.0291;285
19.04.2015;1.0291;1.0291;1.0291;1.0291;286
17.04.2015;1.0291;1.0327;1.0265;1.0291;287
16.04.2015;1.0308;1.0344;1.0276;1.0292;288
15.04.2015;1.0362;1.0366;1.0295;1.0308;289
14.04.2015;1.0337;1.038;1.0297;1.0361;290
13.04.2015;1.0385;1.0385;1.0385;1.0385;291
12.04.2015;1.0385;1.0385;1.0385;1.0385;292
10.04.2015;1.0421;1.0426;1.0368;1.0385;293
09.04.2015;1.042;1.045;1.0406;1.0421;294
08.04.2015;1.0448;1.0469;1.0409;1.042;295
07.04.2015;1.0478;1.048;1.0427;1.0448;296
06.04.2015;1.0448;1.0448;1.0448;1.0448;297
05.04.2015;1.0448;1.0448;1.0448;1.0448;298
03.04.2015;1.0441;1.0464;1.042;1.0448;299
02.04.2015;1.0407;1.045;1.0389;1.0444;300
01.04.2015;1.0441;1.0459;1.0395;1.0408;301
31.03.2015;1.0477;1.0486;1.042;1.0442;302
30.03.2015;1.047;1.047;1.047;1.047;303
28.03.2015;1.047;1.047;1.047;1.047;304
27.03.2015;1.0479;1.0507;1.0432;1.047;305
26.03.2015;1.053;1.0542;1.0465;1.0481;306
25.03.2015;1.0468;1.0546;1.0454;1.0531;307
24.03.2015;1.0576;1.058;1.0424;1.0466;308
23.03.2015;1.0552;1.0552;1.0552;1.0552;309
22.03.2015;1.0552;1.0552;1.0552;1.0552;310
20.03.2015;1.0556;1.0589;1.0528;1.0552;311
19.03.2015;1.0642;1.07;1.0531;1.0555;312
18.03.2015;1.0657;1.0669;1.0568;1.0654;313
17.03.2015;1.065;1.0672;1.0618;1.0655;314
16.03.2015;1.0557;1.0557;1.0557;1.0557;315
15.03.2015;1.0557;1.0557;1.0557;1.0557;316
13.03.2015;1.0657;1.0673;1.0515;1.0557;317
12.03.2015;1.0648;1.0681;1.0623;1.0659;318
11.03.2015;1.0674;1.0695;1.0621;1.0648;319
10.03.2015;1.07;1.0732;1.0663;1.0677;320
09.03.2015;1.0683;1.0719;1.0671;1.0698;321
08.03.2015;1.0691;1.0694;1.0682;1.0683;322
07.03.2015;1.0691;1.0691;1.0691;1.0691;323
06.03.2015;1.074;1.0756;1.064;1.0691;324
05.03.2015;1.0677;1.075;1.0653;1.0743;325
04.03.2015;1.0744;1.0751;1.0631;1.0676;326
03.03.2015;1.0717;1.0761;1.07;1.0745;327
02.03.2015;1.0672;1.0672;1.0672;1.0672;328
01.03.2015;1.0672;1.0672;1.0672;1.0672;329
27.02.2015;1.0663;1.0693;1.0612;1.0672;330
26.02.2015;1.078;1.0796;1.0661;1.0662;331
25.02.2015;1.0783;1.0799;1.0758;1.078;332
24.02.2015;1.0771;1.0788;1.0727;1.078;333
23.02.2015;1.067;1.067;1.067;1.067;334
22.02.2015;1.067;1.067;1.067;1.067;335
20.02.2015;1.0792;1.0812;1.0667;1.067;336
19.02.2015;1.0741;1.0803;1.0732;1.0793;337
18.02.2015;1.069;1.074;1.0632;1.074;338
17.02.2015;1.0578;1.0694;1.0559;1.0691;339
16.02.2015;1.0622;1.0647;1.0551;1.0573;340
15.02.2015;1.0622;1.0622;1.0622;1.0622;341
13.02.2015;1.0614;1.0638;1.0575;1.0622;342
12.02.2015;1.052;1.0638;1.0491;1.0614;343
11.02.2015;1.0491;1.0531;1.0446;1.0518;344
10.02.2015;1.047;1.0495;1.0435;1.0491;345
09.02.2015;1.0475;1.0531;1.0418;1.0469;346
08.02.2015;1.0478;1.0478;1.0478;1.0478;347
06.02.2015;1.0575;1.0597;1.0502;1.0502;348
05.02.2015;1.0495;1.0642;1.0473;1.0573;349
04.02.2015;1.0606;1.0626;1.0482;1.0493;350
03.02.2015;1.0519;1.0621;1.0466;1.0601;351
02.02.2015;1.0394;1.0394;1.0394;1.0394;352
01.02.2015;1.0394;1.0394;1.0394;1.0394;353
31.01.2015;1.0431;1.0431;1.0431;1.0431;354
29.01.2015;1.0211;1.0465;1.0211;1.0454;355
28.01.2015;1.0262;1.0319;1.0184;1.0208;356
27.01.2015;1.0135;1.038;1.009;1.0264;357
26.01.2015;0.9819;1.017;0.9791;1.0137;358
25.01.2015;0.9876;0.9876;0.9876;0.9876;359
23.01.2015;0.9899;0.9915;0.9776;0.9876;360
22.01.2015;0.9994;1.0034;0.9847;0.9895;361
21.01.2015;1.0105;1.0135;0.985;0.9996;362
20.01.2015;1.0204;1.0226;1.0068;1.0107;363
19.01.2015;0.9939;0.9939;0.9939;0.9939;364
18.01.2015;0.9939;0.9939;0.9939;0.9939;365
16.01.2015;0.9975;1.0249;0.9753;0.9939;366
15.01.2015;1.201;1.2011;0.9705;0.9981;367
14.01.2015;1.201;1.201;1.2009;1.201;368
13.01.2015;1.2011;1.2011;1.2011;1.2011;369
11.01.2015;1.201;1.201;1.201;1.201;370
09.01.2015;1.2011;1.2012;1.2009;1.201;371
08.01.2015;1.201;1.2013;1.2009;1.2011;372
07.01.2015;1.2011;1.2012;1.2009;1.201;373
06.01.2015;1.2015;1.202;1.201;1.2011;374
05.01.2015;1.2024;1.2024;1.2013;1.2015;375
04.01.2015;1.2023;1.2023;1.2023;1.2023;376
02.01.2015;1.2026;1.2028;1.2018;1.2023;377
01.01.2015;1.2025;1.2025;1.2025;1.2025;378
31.12.2014;1.2024;1.2031;1.2022;1.2025;379
30.12.2014;1.2031;1.2032;1.2022;1.2023;380
29.12.2014;1.2028;1.2035;1.2026;1.2031;381
28.12.2014;1.203;1.203;1.203;1.203;382
26.12.2014;1.2023;1.203;1.202;1.203;383
25.12.2014;1.2024;1.2024;1.2024;1.2024;384
24.12.2014;1.2025;1.2028;1.2023;1.2024;385
23.12.2014;1.2033;1.2036;1.2022;1.2025;386
22.12.2014;1.203;1.2039;1.2026;1.2033;387
21.12.2014;1.2035;1.2035;1.2035;1.2035;388
19.12.2014;1.204;1.2049;1.2026;1.2035;389
18.12.2014;1.2009;1.2097;1.2009;1.204;390
17.12.2014;1.201;1.2011;1.2003;1.2009;391
16.12.2014;1.201;1.2012;1.2009;1.201;392
15.12.2014;1.2012;1.2014;1.2009;1.201;393
14.12.2014;1.201;1.201;1.201;1.201;394
12.12.2014;1.2012;1.2014;1.2009;1.201;395
11.12.2014;1.2033;1.2038;1.2011;1.2013;396
10.12.2014;1.202;1.2035;1.2017;1.2033;397
09.12.2014;1.2022;1.2024;1.2015;1.202;398
08.12.2014;1.2027;1.203;1.2019;1.2022;399
07.12.2014;1.2024;1.2024;1.2024;1.2024;400
05.12.2014;1.2023;1.203;1.202;1.2024;401
04.12.2014;1.2035;1.204;1.202;1.2023;402
03.12.2014;1.204;1.2042;1.2027;1.2035;403
02.12.2014;1.203;1.2047;1.2028;1.2041;404
01.12.2014;1.2023;1.2023;1.2023;1.2023;405
30.11.2014;1.2023;1.2023;1.2023;1.2023;406
28.11.2014;1.2021;1.2025;1.2012;1.2023;407
27.11.2014;1.2021;1.2026;1.2018;1.2022;408
25.11.2014;1.2026;1.2033;1.2023;1.2027;409
24.11.2014;1.2028;1.2031;1.2021;1.2025;410
23.11.2014;1.2017;1.2031;1.2017;1.2029;411
22.11.2014;1.2017;1.2017;1.2017;1.2017;412
21.11.2014;1.2021;1.2033;1.2015;1.2017;413
20.11.2014;1.2014;1.2025;1.2011;1.2022;414
19.11.2014;1.2013;1.2026;1.201;1.2014;415
18.11.2014;1.2013;1.2017;1.201;1.2013;416
17.11.2014;1.2014;1.2014;1.2014;1.2014;417
16.11.2014;1.2014;1.2014;1.2014;1.2014;418
14.11.2014;1.2022;1.2023;1.2011;1.2014;419
13.11.2014;1.2022;1.2025;1.2017;1.2023;420
12.11.2014;1.2033;1.2039;1.2018;1.2023;421
11.11.2014;1.2028;1.2035;1.2021;1.2033;422
10.11.2014;1.2035;1.2035;1.2035;1.2035;423
09.11.2014;1.2035;1.2035;1.2035;1.2035;424
07.11.2014;1.2043;1.2047;1.203;1.2035;425
06.11.2014;1.2037;1.2057;1.2032;1.2045;426
05.11.2014;1.2044;1.2046;1.2033;1.2036;427
04.11.2014;1.2057;1.2061;1.2043;1.2044;428
03.11.2014;1.2057;1.2057;1.2057;1.2057;429
02.11.2014;1.2057;1.2057;1.2057;1.2057;430
31.10.2014;1.2058;1.2069;1.2054;1.2057;431
30.10.2014;1.2063;1.2065;1.2055;1.2058;432
29.10.2014;1.2061;1.2064;1.2056;1.2063;433
28.10.2014;1.2058;1.2066;1.2056;1.206;434
27.10.2014;1.2062;1.2067;1.2053;1.2058;435
26.10.2014;1.2062;1.2062;1.2062;1.2062;436
24.10.2014;1.2067;1.2068;1.2057;1.2062;437
23.10.2014;1.2062;1.207;1.2056;1.2067;438
22.10.2014;1.2068;1.2072;1.2059;1.2062;439
21.10.2014;1.2069;1.2074;1.2063;1.2069;440
20.10.2014;1.2076;1.2076;1.2076;1.2076;441
19.10.2014;1.2076;1.2076;1.2076;1.2076;442
17.10.2014;1.2074;1.2078;1.2069;1.2076;443
16.10.2014;1.2073;1.2078;1.2057;1.2074;444
15.10.2014;1.2074;1.208;1.2061;1.2073;445
14.10.2014;1.2088;1.2092;1.2071;1.2074;446
13.10.2014;1.2086;1.2086;1.2086;1.2086;447
12.10.2014;1.2086;1.2086;1.2086;1.2086;448
10.10.2014;1.2111;1.2117;1.2082;1.2086;449
09.10.2014;1.2122;1.2128;1.2089;1.2111;450
08.10.2014;1.212;1.2135;1.2115;1.2123;451
07.10.2014;1.2127;1.2139;1.2105;1.2119;452
06.10.2014;1.2105;1.2105;1.2105;1.2105;453
05.10.2014;1.2105;1.2105;1.2105;1.2105;454
03.10.2014;1.2085;1.2111;1.2084;1.2105;455
02.10.2014;1.207;1.2091;1.2068;1.2086;456
01.10.2014;1.2063;1.2081;1.2054;1.207;457
30.09.2014;1.207;1.2073;1.2053;1.2062;458
29.09.2014;1.2069;1.2069;1.2069;1.2069;459
28.09.2014;1.2069;1.2069;1.2069;1.2069;460
26.09.2014;1.2074;1.2075;1.2066;1.2069;461
25.09.2014;1.2085;1.2089;1.2067;1.2073;462
24.09.2014;1.2074;1.2086;1.207;1.2085;463
23.09.2014;1.2077;1.2081;1.2066;1.2075;464
22.09.2014;1.2072;1.2072;1.2072;1.2072;465
21.09.2014;1.2072;1.2072;1.2072;1.2072;466
19.09.2014;1.2066;1.2076;1.2066;1.2072;467
18.09.2014;1.2106;1.2115;1.2065;1.2066;468
17.09.2014;1.2086;1.2117;1.2083;1.2103;469
16.09.2014;1.2105;1.2107;1.2081;1.2086;470
15.09.2014;1.2098;1.2098;1.2098;1.2098;471
14.09.2014;1.2098;1.2098;1.2098;1.2098;472
12.09.2014;1.2095;1.2103;1.2084;1.2098;473
11.09.2014;1.2101;1.2106;1.2089;1.2093;474
10.09.2014;1.2069;1.2116;1.2067;1.21;475
09.09.2014;1.2064;1.2071;1.2057;1.2069;476
08.09.2014;1.206;1.206;1.206;1.206;477
07.09.2014;1.206;1.206;1.206;1.206;478
05.09.2014;1.2064;1.207;1.2054;1.206;479
04.09.2014;1.2067;1.2076;1.2045;1.2063;480
03.09.2014;1.2072;1.209;1.2064;1.2067;481
02.09.2014;1.2073;1.2081;1.2067;1.207;482
01.09.2014;1.2061;1.2061;1.2061;1.2061;483
31.08.2014;1.2061;1.2061;1.2061;1.2061;484
29.08.2014;1.2064;1.2067;1.2056;1.2061;485
28.08.2014;1.207;1.2072;1.2051;1.2064;486
27.08.2014;1.2082;1.2085;1.206;1.2069;487
26.08.2014;1.2078;1.2093;1.2074;1.2082;488
25.08.2014;1.2104;1.2104;1.2104;1.2104;489
24.08.2014;1.2104;1.2104;1.2104;1.2104;490
22.08.2014;1.2105;1.2107;1.2094;1.2104;491
21.08.2014;1.2112;1.2116;1.2104;1.2105;492
20.08.2014;1.2111;1.2114;1.2103;1.2112;493
19.08.2014;1.2114;1.2116;1.21;1.2112;494
18.08.2014;1.2094;1.2094;1.2094;1.2094;495
17.08.2014;1.2094;1.2094;1.2094;1.2094;496
15.08.2014;1.2117;1.2121;1.2087;1.2094;497
14.08.2014;1.2129;1.2132;1.2111;1.2116;498
13.08.2014;1.2132;1.2141;1.2128;1.2128;499
12.08.2014;1.2134;1.2142;1.213;1.2132;500
11.08.2014;1.2143;1.2143;1.2143;1.2143;501
10.08.2014;1.2143;1.2143;1.2143;1.2143;502
08.08.2014;1.2145;1.2145;1.2121;1.2143;503
07.08.2014;1.2146;1.2154;1.214;1.2145;504
06.08.2014;1.2161;1.2162;1.2141;1.2147;505
05.08.2014;1.217;1.2177;1.216;1.2161;506
04.08.2014;1.2163;1.2163;1.2163;1.2163;507
03.08.2014;1.2163;1.2163;1.2163;1.2163;508
01.08.2014;1.2168;1.2171;1.2155;1.2163;509
31.07.2014;1.2173;1.2175;1.2162;1.2168;510
30.07.2014;1.2161;1.2178;1.216;1.2173;511
29.07.2014;1.2149;1.2164;1.2147;1.2161;512
28.07.2014;1.2151;1.2151;1.2151;1.2151;513
27.07.2014;1.2151;1.2151;1.2151;1.2151;514
25.07.2014;1.2152;1.2157;1.2148;1.2151;515
24.07.2014;1.2148;1.2156;1.2144;1.2152;516
23.07.2014;1.2152;1.2154;1.2146;1.2149;517
22.07.2014;1.2146;1.2154;1.2144;1.2152;518
21.07.2014;1.2151;1.2151;1.2151;1.2151;519
20.07.2014;1.2151;1.2151;1.2151;1.2151;520
18.07.2014;1.214;1.2152;1.2136;1.2151;521
17.07.2014;1.2151;1.2151;1.2138;1.214;522
16.07.2014;1.2154;1.2158;1.215;1.2151;523
15.07.2014;1.2147;1.2156;1.2141;1.2154;524
14.07.2014;1.214;1.214;1.214;1.214;525
13.07.2014;1.214;1.214;1.214;1.214;526
11.07.2014;1.2145;1.2147;1.2138;1.214;527
10.07.2014;1.2155;1.2156;1.2138;1.2144;528
09.07.2014;1.2155;1.2159;1.2153;1.2155;529
08.07.2014;1.2155;1.2157;1.2148;1.2156;530
07.07.2014;1.2157;1.2157;1.2157;1.2157;531
06.07.2014;1.2157;1.2157;1.2157;1.2157;532
04.07.2014;1.2158;1.2163;1.2153;1.2157;533
03.07.2014;1.2141;1.2165;1.214;1.2158;534
02.07.2014;1.214;1.2144;1.2135;1.214;535
01.07.2014;1.2143;1.2148;1.2134;1.214;536
30.06.2014;1.2158;1.2158;1.2158;1.2158;537
29.06.2014;1.2158;1.2158;1.2158;1.2158;538
27.06.2014;1.2163;1.2166;1.2151;1.2158;539
26.06.2014;1.2169;1.2172;1.2157;1.2163;540
25.06.2014;1.2162;1.217;1.216;1.2169;541
24.06.2014;1.2165;1.2175;1.2159;1.2162;542
23.06.2014;1.2173;1.2173;1.2173;1.2173;543
22.06.2014;1.2173;1.2173;1.2173;1.2173;544
20.06.2014;1.2167;1.2178;1.2162;1.2173;545
19.06.2014;1.2179;1.2185;1.2153;1.2167;546
18.06.2014;1.2184;1.219;1.2176;1.218;547
17.06.2014;1.2178;1.2192;1.2177;1.2184;548
16.06.2014;1.2188;1.2188;1.2188;1.2188;549
15.06.2014;1.2188;1.2188;1.2188;1.2188;550
13.06.2014;1.2174;1.219;1.2166;1.2188;551
12.06.2014;1.2177;1.2184;1.2171;1.2174;552
11.06.2014;1.2181;1.2188;1.2171;1.2177;553
10.06.2014;1.2194;1.2197;1.218;1.2182;554
09.06.2014;1.2191;1.2191;1.2191;1.2191;555
08.06.2014;1.2191;1.2191;1.2191;1.2191;556
06.06.2014;1.218;1.2195;1.2167;1.2191;557
05.06.2014;1.22;1.2208;1.2173;1.218;558
04.06.2014;1.2215;1.2224;1.2194;1.2201;559
03.06.2014;1.2219;1.2226;1.2212;1.2216;560
02.06.2014;1.2207;1.2207;1.2207;1.2207;561
01.06.2014;1.2207;1.2207;1.2207;1.2207;562
30.05.2014;1.2212;1.2217;1.2194;1.2207;563
29.05.2014;1.2211;1.2215;1.2201;1.2212;564
28.05.2014;1.2226;1.2234;1.2209;1.2211;565
27.05.2014;1.221;1.2229;1.2209;1.2227;566
26.05.2014;1.2209;1.2209;1.2209;1.2209;567
25.05.2014;1.2209;1.2209;1.2209;1.2209;568
23.05.2014;1.2213;1.2217;1.2206;1.2209;569
22.05.2014;1.2227;1.2227;1.2209;1.2211;570
21.05.2014;1.2221;1.2228;1.2207;1.2227;571
20.05.2014;1.2232;1.2237;1.2213;1.2221;572
19.05.2014;1.2224;1.2224;1.2224;1.2224;573
18.05.2014;1.2224;1.2224;1.2224;1.2224;574
16.05.2014;1.2215;1.2225;1.2207;1.2224;575
15.05.2014;1.2203;1.223;1.2198;1.2216;576
14.05.2014;1.2198;1.2203;1.2191;1.2203;577
13.05.2014;1.2215;1.2215;1.2193;1.2198;578
12.05.2014;1.2196;1.2196;1.2196;1.2196;579
11.05.2014;1.2196;1.2196;1.2196;1.2196;580
09.05.2014;1.2183;1.22;1.218;1.2196;581
08.05.2014;1.219;1.2191;1.2172;1.2182;582
07.05.2014;1.2177;1.2192;1.2165;1.2189;583
06.05.2014;1.218;1.2187;1.2164;1.2177;584
05.05.2014;1.2181;1.2181;1.2181;1.2181;585
04.05.2014;1.2181;1.2181;1.2181;1.2181;586
02.05.2014;1.2194;1.2213;1.2176;1.2181;587
01.05.2014;1.2204;1.2209;1.2189;1.2194;588
30.04.2014;1.2205;1.221;1.2192;1.2205;589
29.04.2014;1.2193;1.2213;1.2193;1.2205;590
28.04.2014;1.2194;1.2194;1.2194;1.2194;591
27.04.2014;1.2194;1.2194;1.2194;1.2194;592
25.04.2014;1.2196;1.22;1.2186;1.2194;593
24.04.2014;1.2206;1.2215;1.2186;1.2196;594
23.04.2014;1.2218;1.2225;1.2193;1.2206;595
22.04.2014;1.2208;1.222;1.2205;1.2218;596
21.04.2014;1.2199;1.2199;1.2199;1.2199;597
20.04.2014;1.2199;1.2199;1.2199;1.2199;598
18.04.2014;1.2196;1.2204;1.2194;1.2199;599
17.04.2014;1.2182;1.2205;1.217;1.2197;600
16.04.2014;1.216;1.2202;1.2159;1.2182;601
15.04.2014;1.2159;1.2166;1.215;1.2159;602
14.04.2014;1.2163;1.2163;1.2163;1.2163;603
13.04.2014;1.2163;1.2163;1.2163;1.2163;604
11.04.2014;1.2168;1.2178;1.2152;1.2163;605
10.04.2014;1.2187;1.2191;1.2165;1.2168;606
09.04.2014;1.219;1.2196;1.2171;1.2187;607
08.04.2014;1.2201;1.2203;1.2182;1.2189;608
07.04.2014;1.2226;1.2226;1.2196;1.22;609
06.04.2014;1.2226;1.2226;1.2226;1.2226;610
04.04.2014;1.2225;1.2249;1.2216;1.2226;611
03.04.2014;1.2207;1.2233;1.2194;1.2225;612
02.04.2014;1.2187;1.2209;1.2184;1.2208;613
01.04.2014;1.218;1.2189;1.2174;1.2187;614
31.03.2014;1.2195;1.2195;1.2195;1.2195;615
30.03.2014;1.2195;1.2195;1.2195;1.2195;616
28.03.2014;1.2185;1.2201;1.2179;1.2195;617
27.03.2014;1.22;1.2207;1.2177;1.2185;618
26.03.2014;1.2206;1.2235;1.2194;1.2201;619
25.03.2014;1.2187;1.2217;1.2182;1.2206;620
24.03.2014;1.2174;1.2202;1.2169;1.2187;621
23.03.2014;1.2174;1.2179;1.2169;1.2174;622
21.03.2014;1.2175;1.2186;1.2166;1.2174;623
20.03.2014;1.2183;1.2203;1.2164;1.2177;624
19.03.2014;1.2166;1.2202;1.2162;1.2184;625
18.03.2014;1.2163;1.2178;1.215;1.2165;626
17.03.2014;1.2137;1.2164;1.2132;1.2164;627
16.03.2014;1.2137;1.214;1.2133;1.2136;628
15.03.2014;1.2137;1.2137;1.2137;1.2137;629
14.03.2014;1.2131;1.2146;1.2122;1.2137;630
13.03.2014;1.2152;1.2167;1.2125;1.213;631
12.03.2014;1.2164;1.2169;1.2151;1.2152;632
11.03.2014;1.2181;1.2193;1.2164;1.2164;633
10.03.2014;1.2183;1.2192;1.2169;1.2181;634
09.03.2014;1.2182;1.2182;1.2182;1.2182;635
07.03.2014;1.2198;1.2214;1.2168;1.2182;636
06.03.2014;1.2185;1.2215;1.2182;1.2198;637
05.03.2014;1.2196;1.2199;1.2177;1.2185;638
04.03.2014;1.2132;1.2196;1.2128;1.2194;639
03.03.2014;1.2107;1.2139;1.2105;1.2131;640
02.03.2014;1.2146;1.2146;1.2146;1.2146;641
28.02.2014;1.2178;1.2183;1.2133;1.2146;642
27.02.2014;1.2188;1.2189;1.2157;1.2178;643
26.02.2014;1.2191;1.2205;1.2187;1.2188;644
25.02.2014;1.2208;1.2212;1.2188;1.219;645
24.02.2014;1.2192;1.2218;1.2187;1.2209;646
23.02.2014;1.22;1.22;1.22;1.22;647
21.02.2014;1.2205;1.2211;1.2189;1.22;648
20.02.2014;1.2205;1.221;1.2188;1.2204;649
19.02.2014;1.2218;1.2226;1.2191;1.2205;650
18.02.2014;1.2218;1.2238;1.2212;1.2219;651
17.02.2014;1.2221;1.2227;1.2212;1.2218;652
16.02.2014;1.2222;1.2222;1.2222;1.2222;653
14.02.2014;1.2221;1.2228;1.2207;1.2222;654
13.02.2014;1.2242;1.2245;1.2208;1.2221;655
12.02.2014;1.2251;1.226;1.2234;1.2242;656
11.02.2014;1.2238;1.2257;1.2229;1.2251;657
10.02.2014;1.2243;1.2251;1.2225;1.2239;658
09.02.2014;1.2243;1.2243;1.2243;1.2243;659
07.02.2014;1.2244;1.225;1.222;1.2243;660
06.02.2014;1.2233;1.2246;1.2212;1.2244;661
05.02.2014;1.2216;1.2234;1.2206;1.2231;662
04.02.2014;1.2193;1.2232;1.2187;1.2218;663
03.02.2014;1.2225;1.2242;1.2185;1.219;664
02.02.2014;1.2222;1.2222;1.2222;1.2222;665
31.01.2014;1.2235;1.2245;1.2211;1.2222;666
30.01.2014;1.222;1.2255;1.2219;1.2235;667
29.01.2014;1.2289;1.2298;1.2214;1.222;668
28.01.2014;1.2255;1.2292;1.2252;1.2284;669
27.01.2014;1.2236;1.2273;1.2229;1.2253;670
26.01.2014;1.2232;1.2232;1.2232;1.2232;671
24.01.2014;1.229;1.2301;1.2228;1.2232;672
23.01.2014;1.2349;1.2362;1.2277;1.2289;673
22.01.2014;1.2345;1.2353;1.2333;1.235;674
21.01.2014;1.234;1.2376;1.2325;1.2345;675
20.01.2014;1.2327;1.2342;1.2326;1.234;676
19.01.2014;1.2325;1.2325;1.2325;1.2325;677
17.01.2014;1.2318;1.2337;1.2318;1.2325;678
16.01.2014;1.2366;1.2375;1.2316;1.2319;679
15.01.2014;1.2345;1.237;1.2341;1.2364;680
14.01.2014;1.2293;1.2348;1.2291;1.2345;681
13.01.2014;1.2331;1.2343;1.2291;1.2293;682
12.01.2014;1.234;1.234;1.234;1.234;683
10.01.2014;1.2341;1.2348;1.2323;1.234;684
09.01.2014;1.2372;1.2387;1.2336;1.2338;685
08.01.2014;1.238;1.2394;1.236;1.2372;686
07.01.2014;1.2321;1.2381;1.2318;1.2379;687
06.01.2014;1.2301;1.2333;1.2297;1.2319;688
05.01.2014;1.2306;1.2306;1.2306;1.2306;689
03.01.2014;1.2292;1.2312;1.2282;1.2306;690
02.01.2014;1.228;1.2321;1.2268;1.2291;691
01.01.2014;1.2269;1.2269;1.2269;1.2269;692
31.12.2013;1.2254;1.2277;1.2246;1.2269;693
30.12.2013;1.2258;1.227;1.2242;1.2252;694
29.12.2013;1.2256;1.2256;1.2256;1.2256;695
27.12.2013;1.2273;1.2279;1.2227;1.2256;696
26.12.2013;1.2264;1.2275;1.2261;1.2273;697
25.12.2013;1.2256;1.2256;1.2256;1.2256;698
24.12.2013;1.2242;1.2259;1.2237;1.2256;699
23.12.2013;1.2251;1.2263;1.2237;1.2247;700
22.12.2013;1.2252;1.2252;1.2252;1.2252;701
20.12.2013;1.2265;1.227;1.2234;1.2252;702
19.12.2013;1.2241;1.2274;1.2228;1.2261;703
18.12.2013;1.2185;1.2245;1.2181;1.2236;704
17.12.2013;1.221;1.2217;1.2168;1.2183;705
16.12.2013;1.2218;1.2232;1.2203;1.2211;706
15.12.2013;1.222;1.222;1.222;1.222;707
13.12.2013;1.2229;1.2241;1.2212;1.222;708
12.12.2013;1.222;1.2247;1.2201;1.2225;709
11.12.2013;1.2212;1.2227;1.2206;1.2221;710
10.12.2013;1.2231;1.2239;1.2207;1.2212;711
09.12.2013;1.2226;1.2245;1.2223;1.2231;712
08.12.2013;1.2226;1.2226;1.2226;1.2226;713
06.12.2013;1.2256;1.2262;1.2216;1.2226;714
05.12.2013;1.2266;1.2282;1.225;1.2256;715
04.12.2013;1.2292;1.2298;1.2258;1.2267;716
03.12.2013;1.2307;1.2312;1.2279;1.2293;717
02.12.2013;1.2313;1.2324;1.2296;1.2305;718
01.12.2013;1.2316;1.2316;1.2316;1.2316;719
29.11.2013;1.2322;1.2332;1.2294;1.2316;720
28.11.2013;1.2324;1.2329;1.231;1.2322;721
27.11.2013;1.2306;1.2333;1.2302;1.2324;722
26.11.2013;1.2325;1.2329;1.2301;1.2306;723
25.11.2013;1.2289;1.2329;1.2288;1.2325;724
24.11.2013;1.2294;1.2294;1.2294;1.2294;725
22.11.2013;1.2312;1.2321;1.2286;1.2296;726
21.11.2013;1.2314;1.2324;1.2307;1.2311;727
20.11.2013;1.2333;1.2337;1.2307;1.2313;728
19.11.2013;1.2327;1.2337;1.2322;1.2335;729
18.11.2013;1.2344;1.2346;1.2317;1.2328;730
17.11.2013;1.2346;1.2346;1.2346;1.2346;731
15.11.2013;1.2347;1.2351;1.2329;1.2346;732
14.11.2013;1.2323;1.2338;1.232;1.2336;733
13.11.2013;1.2327;1.233;1.2315;1.2322;734
12.11.2013;1.2329;1.2338;1.2315;1.2327;735
11.11.2013;1.2319;1.2333;1.2316;1.2328;736
10.11.2013;1.2317;1.2317;1.2317;1.2317;737
08.11.2013;1.229;1.2323;1.2289;1.2317;738
07.11.2013;1.2326;1.2338;1.2283;1.2293;739
06.11.2013;1.2307;1.233;1.2305;1.2326;740
05.11.2013;1.2296;1.2316;1.2288;1.2307;741
04.11.2013;1.2304;1.2304;1.2304;1.2304;742
03.11.2013;1.2304;1.2304;1.2304;1.2304;743
01.11.2013;1.2324;1.2327;1.23;1.2304;744
31.10.2013;1.2356;1.2359;1.23;1.2326;745
30.10.2013;1.2356;1.2371;1.2336;1.2355;746
29.10.2013;1.2349;1.2371;1.2338;1.2356;747
28.10.2013;1.2324;1.235;1.2322;1.2349;748
27.10.2013;1.2321;1.2321;1.2321;1.2321;749
25.10.2013;1.2315;1.2349;1.2301;1.2321;750
24.10.2013;1.2292;1.2319;1.2286;1.2316;751
23.10.2013;1.2332;1.2335;1.2282;1.2293;752
22.10.2013;1.234;1.2363;1.2317;1.2333;753
21.10.2013;1.2343;1.2343;1.2343;1.2343;754
20.10.2013;1.2343;1.2343;1.2343;1.2343;755
18.10.2013;1.234;1.2352;1.2337;1.2343;756
17.10.2013;1.2361;1.2363;1.2311;1.234;757
16.10.2013;1.2341;1.2368;1.2338;1.2362;758
15.10.2013;1.2348;1.2375;1.2335;1.2342;759
14.10.2013;1.2349;1.2349;1.2349;1.2349;760
13.10.2013;1.2349;1.2349;1.2349;1.2349;761
11.10.2013;1.2326;1.2354;1.2312;1.2349;762
10.10.2013;1.2309;1.2329;1.2302;1.2325;763
09.10.2013;1.2271;1.232;1.2263;1.2305;764
08.10.2013;1.2265;1.2295;1.226;1.227;765
07.10.2013;1.2296;1.2296;1.2296;1.2296;766
06.10.2013;1.2296;1.2296;1.2296;1.2296;767
04.10.2013;1.2249;1.23;1.2237;1.2297;768
03.10.2013;1.2257;1.2279;1.2233;1.2251;769
02.10.2013;1.2252;1.2268;1.2224;1.2257;770
01.10.2013;1.2239;1.2268;1.2218;1.2253;771
30.09.2013;1.2251;1.2251;1.2251;1.2251;772
29.09.2013;1.2251;1.2251;1.2251;1.2251;773
27.09.2013;1.2278;1.2279;1.2237;1.2252;774
26.09.2013;1.2299;1.2311;1.2275;1.2278;775
25.09.2013;1.23;1.231;1.2288;1.2301;776
24.09.2013;1.2292;1.2304;1.2286;1.2299;777
23.09.2013;1.2316;1.2316;1.2316;1.2316;778
22.09.2013;1.2316;1.2316;1.2316;1.2316;779
20.09.2013;1.2322;1.2331;1.2303;1.2316;780
19.09.2013;1.2336;1.2351;1.2311;1.2323;781
18.09.2013;1.2369;1.2375;1.2332;1.2335;782
17.09.2013;1.2367;1.2384;1.2356;1.2369;783
16.09.2013;1.236;1.236;1.236;1.236;784
15.09.2013;1.236;1.236;1.236;1.236;785
13.09.2013;1.2375;1.239;1.2359;1.236;786
12.09.2013;1.2388;1.239;1.2353;1.2375;787
11.09.2013;1.2403;1.2415;1.2372;1.2388;788
10.09.2013;1.2356;1.2404;1.2356;1.2402;789
09.09.2013;1.2358;1.2358;1.2358;1.2358;790
06.09.2013;1.2398;1.2401;1.2327;1.2358;791
05.09.2013;1.2354;1.2399;1.2353;1.2397;792
04.09.2013;1.2335;1.2368;1.2333;1.2354;793
03.09.2013;1.2328;1.2342;1.2314;1.2335;794
02.09.2013;1.2295;1.2295;1.2295;1.2295;795
01.09.2013;1.2295;1.2295;1.2295;1.2295;796
30.08.2013;1.2328;1.2329;1.2282;1.2294;797
29.08.2013;1.23;1.2329;1.2296;1.2328;798
28.08.2013;1.2287;1.23;1.2278;1.23;799
27.08.2013;1.2337;1.2341;1.2282;1.2286;800
26.08.2013;1.233;1.233;1.233;1.233;801
25.08.2013;1.233;1.233;1.233;1.233;802
23.08.2013;1.2333;1.2362;1.232;1.233;803
22.08.2013;1.2317;1.2358;1.2315;1.2329;804
21.08.2013;1.2308;1.2331;1.2301;1.2315;805
20.08.2013;1.2325;1.2333;1.2287;1.2308;806
19.08.2013;1.2349;1.2349;1.2349;1.2349;807
18.08.2013;1.2349;1.2349;1.2349;1.2349;808
16.08.2013;1.2361;1.2383;1.2331;1.2349;809
15.08.2013;1.2397;1.2434;1.2338;1.2361;810
14.08.2013;1.2374;1.2426;1.2367;1.2398;811
13.08.2013;1.2315;1.2382;1.2315;1.2374;812
12.08.2013;1.2305;1.2305;1.2305;1.2305;813
11.08.2013;1.2305;1.2305;1.2305;1.2305;814
09.08.2013;1.2311;1.2318;1.2295;1.2305;815
08.08.2013;1.2289;1.2318;1.2282;1.2309;816
07.08.2013;1.2321;1.2327;1.2285;1.2291;817
06.08.2013;1.2303;1.2328;1.2269;1.232;818
05.08.2013;1.2343;1.2343;1.2343;1.2343;819
03.08.2013;1.2343;1.2343;1.2343;1.2343;820
02.08.2013;1.2373;1.2397;1.2326;1.2343;821
01.08.2013;1.2319;1.2377;1.231;1.2373;822
31.07.2013;1.2331;1.2344;1.2306;1.2318;823
30.07.2013;1.2348;1.2353;1.2323;1.233;824
29.07.2013;1.2334;1.235;1.2324;1.2349;825
28.07.2013;1.2329;1.2332;1.2329;1.2332;826
27.07.2013;1.2329;1.2329;1.2329;1.2329;827
26.07.2013;1.2348;1.2349;1.2314;1.2329;828
25.07.2013;1.2371;1.2385;1.234;1.2349;829
24.07.2013;1.2362;1.2403;1.2356;1.2371;830
23.07.2013;1.2343;1.2395;1.2342;1.236;831
22.07.2013;1.2367;1.2377;1.2327;1.2343;832
21.07.2013;1.2367;1.2367;1.2366;1.2367;833
20.07.2013;1.2367;1.2367;1.2367;1.2367;834
19.07.2013;1.2381;1.2386;1.2352;1.2367;835
18.07.2013;1.2352;1.2391;1.2344;1.2385;836
17.07.2013;1.2364;1.2376;1.2327;1.2351;837
16.07.2013;1.239;1.2404;1.2356;1.2364;838
15.07.2013;1.2365;1.2404;1.2359;1.239;839
14.07.2013;1.2361;1.2373;1.2358;1.2369;840
13.07.2013;1.2361;1.2361;1.2361;1.2361;841
12.07.2013;1.2398;1.2409;1.2349;1.2361;842
11.07.2013;1.2417;1.2455;1.2367;1.2396;843
10.07.2013;1.244;1.2452;1.2407;1.2425;844
09.07.2013;1.2402;1.2466;1.2398;1.2439;845
08.07.2013;1.2383;1.2415;1.2373;1.2397;846
07.07.2013;1.2366;1.2386;1.2366;1.2382;847
06.07.2013;1.2366;1.2366;1.2366;1.2366;848
05.07.2013;1.2348;1.2378;1.2334;1.2366;849
04.07.2013;1.2317;1.2375;1.2308;1.2349;850
03.07.2013;1.2339;1.2348;1.2282;1.2315;851
02.07.2013;1.2346;1.2382;1.2328;1.2339;852
01.07.2013;1.2297;1.2376;1.2292;1.2348;853
30.06.2013;1.2292;1.2305;1.2292;1.23;854
29.06.2013;1.2292;1.2292;1.2292;1.2292;855
28.06.2013;1.2321;1.2354;1.2285;1.2292;856
27.06.2013;1.2266;1.2338;1.226;1.2321;857
26.06.2013;1.2272;1.2283;1.2241;1.2268;858
25.06.2013;1.2246;1.2297;1.2236;1.227;859
24.06.2013;1.2269;1.228;1.2219;1.2242;860
23.06.2013;1.2262;1.2272;1.2262;1.2272;861
22.06.2013;1.2262;1.2262;1.2262;1.2262;862
21.06.2013;1.2263;1.2285;1.2243;1.2262;863
20.06.2013;1.2336;1.2349;1.2243;1.2263;864
19.06.2013;1.2324;1.2363;1.2311;1.234;865
18.06.2013;1.2331;1.2357;1.2293;1.2324;866
17.06.2013;1.2307;1.2363;1.2302;1.233;867
16.06.2013;1.2291;1.231;1.2291;1.2305;868
15.06.2013;1.2291;1.2291;1.2291;1.2291;869
14.06.2013;1.2332;1.2338;1.2278;1.2291;870
13.06.2013;1.2279;1.2334;1.2224;1.233;871
12.06.2013;1.231;1.2334;1.2256;1.2279;872
11.06.2013;1.2378;1.2387;1.2259;1.2307;873
10.06.2013;1.2363;1.2419;1.2356;1.2379;874
09.06.2013;1.237;1.237;1.2359;1.2366;875
08.06.2013;1.237;1.237;1.237;1.237;876
07.06.2013;1.2319;1.2379;1.2271;1.237;877
06.06.2013;1.2333;1.2387;1.2274;1.2312;878
05.06.2013;1.2391;1.2411;1.2309;1.2335;879
04.06.2013;1.2382;1.2428;1.2379;1.2391;880
03.06.2013;1.2441;1.2487;1.234;1.2384;881
02.06.2013;1.2421;1.2421;1.2421;1.2421;882
01.06.2013;1.2421;1.2421;1.2421;1.2421;883
31.05.2013;1.2438;1.246;1.238;1.2421;884
30.05.2013;1.2449;1.2493;1.2422;1.2436;885
29.05.2013;1.2551;1.2572;1.2437;1.2448;886
28.05.2013;1.2451;1.2572;1.2448;1.2558;887
27.05.2013;1.2441;1.2474;1.241;1.245;888
26.05.2013;1.2431;1.2439;1.2431;1.2439;889
25.05.2013;1.2431;1.2431;1.2431;1.2431;890
24.05.2013;1.2531;1.2548;1.2408;1.2431;891
23.05.2013;1.2586;1.2596;1.2422;1.2529;892
22.05.2013;1.2523;1.2648;1.2515;1.2583;893
21.05.2013;1.2455;1.2529;1.2452;1.2523;894
20.05.2013;1.2459;1.2476;1.2436;1.2458;895
19.05.2013;1.2481;1.2481;1.2451;1.2451;896
18.05.2013;1.2481;1.2481;1.2481;1.2481;897
17.05.2013;1.2426;1.2492;1.2416;1.2481;898
16.05.2013;1.2442;1.2483;1.2384;1.2426;899
15.05.2013;1.2495;1.2525;1.2425;1.2442;900
14.05.2013;1.2426;1.2502;1.2387;1.2497;901
13.05.2013;1.2439;1.2446;1.2396;1.2421;902
12.05.2013;1.2435;1.2442;1.2432;1.244;903
11.05.2013;1.2435;1.2435;1.2435;1.2435;904
10.05.2013;1.237;1.2459;1.2363;1.2435;905
09.05.2013;1.2305;1.2407;1.2283;1.2368;906
08.05.2013;1.23;1.2348;1.2296;1.2305;907
07.05.2013;1.2269;1.2337;1.2256;1.23;908
06.05.2013;1.2262;1.2291;1.226;1.2269;909
05.05.2013;1.2269;1.2269;1.2269;1.2269;910
04.05.2013;1.2269;1.2269;1.2269;1.2269;911
03.05.2013;1.2215;1.2275;1.221;1.2269;912
02.05.2013;1.2223;1.2259;1.2197;1.2215;913
01.05.2013;1.2241;1.2264;1.2221;1.2223;914
30.04.2013;1.2272;1.2278;1.2229;1.2237;915
29.04.2013;1.229;1.2307;1.2264;1.2272;916
28.04.2013;1.2284;1.2291;1.2283;1.2288;917
27.04.2013;1.2284;1.2284;1.2284;1.2284;918
26.04.2013;1.2298;1.2312;1.2251;1.2284;919
25.04.2013;1.2328;1.2349;1.2289;1.2301;920
24.04.2013;1.2291;1.2343;1.2272;1.2325;921
23.04.2013;1.2203;1.2293;1.2192;1.2291;922
22.04.2013;1.2187;1.2208;1.2181;1.2207;923
21.04.2013;1.219;1.219;1.2187;1.2187;924
20.04.2013;1.219;1.219;1.219;1.219;925
19.04.2013;1.2174;1.2192;1.2164;1.219;926
18.04.2013;1.2157;1.2174;1.2152;1.2172;927
17.04.2013;1.2156;1.2165;1.214;1.2156;928
16.04.2013;1.2144;1.217;1.214;1.2157;929
15.04.2013;1.2157;1.2173;1.2137;1.2143;930
14.04.2013;1.2159;1.216;1.2157;1.2159;931
13.04.2013;1.2159;1.2159;1.2159;1.2159;932
12.04.2013;1.22;1.2202;1.2157;1.2159;933
11.04.2013;1.2189;1.2204;1.2181;1.2201;934
10.04.2013;1.22;1.2203;1.2178;1.2189;935
09.04.2013;1.2171;1.2212;1.2167;1.2201;936
08.04.2013;1.2139;1.2172;1.2131;1.217;937
07.04.2013;1.2145;1.2149;1.2135;1.214;938
06.04.2013;1.2145;1.2145;1.2145;1.2145;939
05.04.2013;1.2155;1.2171;1.2137;1.2145;940
04.04.2013;1.2143;1.2172;1.2134;1.2156;941
03.04.2013;1.2164;1.2183;1.2134;1.2143;942
02.04.2013;1.2163;1.2179;1.2137;1.2165;943
01.04.2013;1.217;1.2178;1.2161;1.2164;944
31.03.2013;1.2168;1.2172;1.2167;1.2168;945
30.03.2013;1.2168;1.2168;1.2168;1.2168;946
29.03.2013;1.2169;1.2174;1.2162;1.2168;947
28.03.2013;1.2188;1.2201;1.216;1.2169;948
27.03.2013;1.2195;1.2198;1.217;1.219;949
26.03.2013;1.2195;1.2218;1.219;1.2193;950
25.03.2013;1.221;1.2253;1.2183;1.2194;951
24.03.2013;1.2219;1.2219;1.2206;1.2209;952
23.03.2013;1.2219;1.2219;1.2219;1.2219;953
22.03.2013;1.221;1.2237;1.22;1.2219;954
21.03.2013;1.2225;1.2236;1.2195;1.2213;955
20.03.2013;1.219;1.2234;1.2188;1.2227;956
19.03.2013;1.2258;1.2267;1.218;1.2192;957
18.03.2013;1.219;1.228;1.2169;1.2259;958
17.03.2013;1.2274;1.2274;1.2176;1.219;959
16.03.2013;1.2274;1.2274;1.2274;1.2273;960
15.03.2013;1.2319;1.2335;1.2258;1.2273;961
14.03.2013;1.2343;1.237;1.231;1.2318;962
13.03.2013;1.2342;1.2349;1.2306;1.2345;963
12.03.2013;1.2351;1.2368;1.2324;1.2342;964
11.03.2013;1.2372;1.2381;1.2347;1.2353;965
10.03.2013;1.2375;1.2375;1.2368;1.2371;966
09.03.2013;1.2375;1.2375;1.2375;1.2375;967
08.03.2013;1.2354;1.2391;1.2352;1.2375;968
06.03.2013;1.2281;1.2321;1.2277;1.231;969
05.03.2013;1.2254;1.2287;1.2252;1.2279;970
04.03.2013;1.2264;1.2276;1.2239;1.2254;971
03.03.2013;1.2277;1.2277;1.2259;1.2267;972
02.03.2013;1.2277;1.2277;1.2277;1.2277;973
01.03.2013;1.2237;1.2291;1.223;1.2277;974
28.02.2013;1.2213;1.2243;1.2189;1.2234;975
27.02.2013;1.2177;1.2228;1.2162;1.2211;976
26.02.2013;1.2178;1.2197;1.2121;1.2176;977
25.02.2013;1.2281;1.2325;1.2157;1.2184;978
24.02.2013;1.2262;1.2285;1.2262;1.2284;979
23.02.2013;1.2262;1.2262;1.2262;1.2262;980
22.02.2013;1.2277;1.2305;1.2258;1.2262;981
21.02.2013;1.2319;1.2328;1.2271;1.2279;982
20.02.2013;1.2354;1.236;1.2312;1.232;983
19.02.2013;1.2329;1.2359;1.2319;1.2353;984
18.02.2013;1.2316;1.2345;1.2313;1.2331;985
17.02.2013;1.2317;1.2317;1.2317;1.2317;986
16.02.2013;1.2317;1.2317;1.2317;1.2317;987
15.02.2013;1.2311;1.2334;1.2286;1.2317;988
14.02.2013;1.2337;1.2346;1.2281;1.2309;989
13.02.2013;1.2338;1.2387;1.2327;1.2337;990
12.02.2013;1.234;1.2353;1.2286;1.2341;991
11.02.2013;1.2267;1.2344;1.226;1.234;992
10.02.2013;1.2259;1.2272;1.2259;1.227;993
09.02.2013;1.2259;1.2259;1.2259;1.2259;994
08.02.2013;1.2304;1.2313;1.2257;1.2259;995
07.02.2013;1.2302;1.2332;1.2277;1.2305;996
06.02.2013;1.2334;1.2368;1.2286;1.2305;997
05.02.2013;1.2275;1.2344;1.2257;1.2334;998
04.02.2013;1.2399;1.2402;1.2262;1.2276;999
03.02.2013;1.2384;1.2403;1.2384;1.2402;1000
02.02.2013;1.2384;1.2384;1.2384;1.2384;1001
01.02.2013;1.2364;1.2414;1.2307;1.2384;1002
31.01.2013;1.2365;1.2383;1.2331;1.2361;1003
30.01.2013;1.2433;1.2462;1.2344;1.2364;1004
29.01.2013;1.2458;1.2469;1.24;1.2433;1005
28.01.2013;1.2482;1.2514;1.2453;1.246;1006
27.01.2013;1.2471;1.2485;1.2471;1.2483;1007
26.01.2013;1.2471;1.2471;1.2471;1.2471;1008
25.01.2013;1.2425;1.2493;1.2385;1.2471;1009
24.01.2013;1.238;1.2444;1.2362;1.2425;1010
23.01.2013;1.2375;1.2404;1.2331;1.2378;1011
22.01.2013;1.2416;1.2462;1.2342;1.2376;1012
21.01.2013;1.2444;1.2453;1.2394;1.2416;1013
20.01.2013;1.2443;1.245;1.2443;1.2444;1014
19.01.2013;1.2443;1.2443;1.2443;1.2443;1015
18.01.2013;1.2476;1.2569;1.2393;1.2443;1016
17.01.2013;1.2375;1.249;1.237;1.2475;1017
16.01.2013;1.2399;1.2403;1.2334;1.2374;1018
15.01.2013;1.2337;1.2413;1.2307;1.2393;1019
14.01.2013;1.2216;1.2342;1.2205;1.2337;1020
13.01.2013;1.2191;1.2207;1.2191;1.2207;1021
12.01.2013;1.2191;1.2191;1.2191;1.2191;1022
11.01.2013;1.2126;1.2199;1.2126;1.2191;1023
10.01.2013;1.2087;1.2134;1.2086;1.2127;1024
09.01.2013;1.2089;1.2093;1.2086;1.2087;1025
08.01.2013;1.2084;1.2093;1.2084;1.2089;1026
07.01.2013;1.2089;1.2091;1.2084;1.2084;1027
06.01.2013;1.2085;1.2089;1.2085;1.2088;1028
05.01.2013;1.2085;1.2085;1.2085;1.2084;1029
04.01.2013;1.209;1.2095;1.2083;1.2084;1030
03.01.2013;1.2103;1.2106;1.2084;1.2089;1031
02.01.2013;1.2085;1.2107;1.2079;1.2103;1032
01.01.2013;1.2073;1.2073;1.2073;1.2073;1033
31.12.2012;1.2075;1.2077;1.2065;1.2073;1034
30.12.2012;1.2075;1.2075;1.2073;1.2074;1035
29.12.2012;1.2075;1.2075;1.2075;1.2075;1036
28.12.2012;1.2089;1.2092;1.207;1.2075;1037
27.12.2012;1.2076;1.2095;1.2076;1.209;1038
26.12.2012;1.2075;1.208;1.2073;1.2077;1039
25.12.2012;1.2074;1.2074;1.2074;1.2074;1040
24.12.2012;1.2076;1.2085;1.207;1.2074;1041
23.12.2012;1.2081;1.2081;1.2076;1.2076;1042
22.12.2012;1.2081;1.2081;1.2081;1.2081;1043
21.12.2012;1.2073;1.2083;1.2066;1.2081;1044
20.12.2012;1.2077;1.2085;1.2072;1.2074;1045
19.12.2012;1.208;1.2101;1.2074;1.2077;1046
18.12.2012;1.208;1.2089;1.2066;1.208;1047
17.12.2012;1.2085;1.2096;1.2075;1.2079;1048
16.12.2012;1.2084;1.2084;1.2075;1.2083;1049
15.12.2012;1.2084;1.2084;1.2084;1.2084;1050
14.12.2012;1.2079;1.2092;1.2069;1.2084;1051
13.12.2012;1.2111;1.2128;1.2077;1.2079;1052
12.12.2012;1.2121;1.2128;1.2102;1.2109;1053
11.12.2012;1.2079;1.2129;1.2076;1.2126;1054
10.12.2012;1.208;1.208;1.2063;1.2079;1055
09.12.2012;1.208;1.208;1.2076;1.2076;1056
08.12.2012;1.208;1.208;1.208;1.208;1057
07.12.2012;1.2093;1.21;1.2076;1.208;1058
06.12.2012;1.2108;1.2129;1.2085;1.2093;1059
05.12.2012;1.2134;1.2168;1.2104;1.2105;1060
04.12.2012;1.2084;1.2145;1.2081;1.2134;1061
03.12.2012;1.2053;1.2095;1.2051;1.2083;1062
02.12.2012;1.2051;1.2051;1.2051;1.2051;1063
01.12.2012;1.2051;1.2051;1.2051;1.2051;1064
30.11.2012;1.2039;1.2059;1.2038;1.2051;1065
29.11.2012;1.2034;1.2043;1.2033;1.2038;1066
28.11.2012;1.204;1.2042;1.203;1.2035;1067
27.11.2012;1.2038;1.2052;1.2036;1.2041;1068
26.11.2012;1.2042;1.2047;1.2033;1.2036;1069
25.11.2012;1.2042;1.2042;1.2041;1.2042;1070
24.11.2012;1.2042;1.2042;1.2042;1.2042;1071
23.11.2012;1.2047;1.2054;1.2037;1.2042;1072
22.11.2012;1.2042;1.2049;1.2042;1.2047;1073
21.11.2012;1.2048;1.2051;1.2038;1.2043;1074
20.11.2012;1.2039;1.2053;1.2036;1.2047;1075
19.11.2012;1.2054;1.2056;1.2037;1.2039;1076
18.11.2012;1.2047;1.2047;1.2047;1.2047;1077
17.11.2012;1.2047;1.2047;1.2047;1.2047;1078
16.11.2012;1.2042;1.2048;1.2039;1.2047;1079
15.11.2012;1.2036;1.2044;1.2035;1.2042;1080
14.11.2012;1.2037;1.2045;1.2035;1.2035;1081
13.11.2012;1.2051;1.2053;1.2035;1.2036;1082
12.11.2012;1.2059;1.2063;1.2051;1.2051;1083
11.11.2012;1.2059;1.206;1.2058;1.206;1084
10.11.2012;1.2059;1.2059;1.2059;1.2059;1085
09.11.2012;1.2057;1.207;1.2053;1.2059;1086
08.11.2012;1.2067;1.2068;1.2055;1.2057;1087
07.11.2012;1.2082;1.209;1.2061;1.2069;1088
06.11.2012;1.2074;1.2087;1.2069;1.2082;1089
05.11.2012;1.207;1.2075;1.2061;1.2074;1090
04.11.2012;1.2073;1.2073;1.2068;1.2069;1091
03.11.2012;1.2073;1.2073;1.2073;1.2073;1092
02.11.2012;1.2059;1.2085;1.2058;1.2073;1093
01.11.2012;1.2074;1.208;1.2055;1.2061;1094
31.10.2012;1.2085;1.2087;1.2065;1.2071;1095
30.10.2012;1.2086;1.2094;1.2075;1.2085;1096
29.10.2012;1.2092;1.2095;1.2084;1.2084;1097
28.10.2012;1.2097;1.2097;1.2097;1.2097;1098
27.10.2012;1.2097;1.2097;1.2097;1.2097;1099
26.10.2012;1.2098;1.2102;1.2088;1.2097;1100
25.10.2012;1.2097;1.2103;1.2091;1.2095;1101
24.10.2012;1.2109;1.211;1.2094;1.2097;1102
23.10.2012;1.2107;1.2111;1.2095;1.2109;1103
22.10.2012;1.2089;1.2107;1.2085;1.2106;1104
21.10.2012;1.2089;1.2091;1.2086;1.2087;1105
20.10.2012;1.2089;1.2089;1.2089;1.2089;1106
19.10.2012;1.2083;1.2094;1.2082;1.2089;1107
18.10.2012;1.21;1.2104;1.2082;1.2084;1108
17.10.2012;1.2092;1.2113;1.209;1.2099;1109
16.10.2012;1.2084;1.2101;1.2083;1.2095;1110
15.10.2012;1.2089;1.2095;1.208;1.2084;1111
14.10.2012;1.2091;1.2091;1.2088;1.2088;1112
13.10.2012;1.2091;1.2091;1.2091;1.2091;1113
12.10.2012;1.2088;1.21;1.208;1.2091;1114
11.10.2012;1.2075;1.2101;1.2067;1.2087;1115
10.10.2012;1.2115;1.2116;1.2086;1.2088;1116
09.10.2012;1.2103;1.2142;1.21;1.2115;1117
08.10.2012;1.2114;1.2126;1.2098;1.2104;1118
07.10.2012;1.2113;1.2114;1.2112;1.2112;1119
06.10.2012;1.2113;1.2113;1.2113;1.2112;1120
05.10.2012;1.2115;1.2129;1.211;1.2112;1121
04.10.2012;1.2114;1.2135;1.2108;1.2115;1122
03.10.2012;1.2097;1.2114;1.2095;1.2113;1123
02.10.2012;1.2091;1.2104;1.209;1.2096;1124
01.10.2012;1.2087;1.2102;1.2082;1.2092;1125
30.09.2012;1.2085;1.2089;1.2085;1.2087;1126
29.09.2012;1.2085;1.2085;1.2085;1.2084;1127
28.09.2012;1.2102;1.2108;1.2081;1.2084;1128
27.09.2012;1.2091;1.211;1.2081;1.2102;1129
26.09.2012;1.2096;1.21;1.208;1.2091;1130
25.09.2012;1.2099;1.2114;1.2086;1.2097;1131
24.09.2012;1.2111;1.2115;1.2087;1.2099;1132
23.09.2012;1.2111;1.2112;1.2107;1.2107;1133
22.09.2012;1.2111;1.2111;1.2111;1.2111;1134
21.09.2012;1.2097;1.2121;1.2095;1.2111;1135
20.09.2012;1.2105;1.2106;1.2081;1.2101;1136
19.09.2012;1.2114;1.2127;1.2085;1.2103;1137
18.09.2012;1.2165;1.2167;1.2104;1.2115;1138
17.09.2012;1.2163;1.2185;1.2142;1.2165;1139
16.09.2012;1.2171;1.2171;1.216;1.2163;1140
15.09.2012;1.2171;1.2171;1.2171;1.2171;1141
14.09.2012;1.2147;1.2178;1.2143;1.2171;1142
13.09.2012;1.2091;1.2163;1.2081;1.2146;1143
12.09.2012;1.207;1.2103;1.2037;1.209;1144
11.09.2012;1.2073;1.209;1.206;1.207;1145
10.09.2012;1.2089;1.2119;1.2069;1.2074;1146
09.09.2012;1.2097;1.2097;1.2088;1.2089;1147
08.09.2012;1.2097;1.2097;1.2097;1.2097;1148
07.09.2012;1.2051;1.2156;1.2046;1.2097;1149
06.09.2012;1.2043;1.2068;1.2038;1.2048;1150
05.09.2012;1.2011;1.2046;1.201;1.2043;1151
04.09.2012;1.2009;1.2012;1.2008;1.2011;1152
03.09.2012;1.2009;1.201;1.2003;1.2009;1153
02.09.2012;1.2009;1.2011;1.2009;1.201;1154
01.09.2012;1.2009;1.2009;1.2009;1.2009;1155
31.08.2012;1.201;1.2011;1.2008;1.2009;1156
30.08.2012;1.201;1.2011;1.2008;1.2009;1157
29.08.2012;1.2009;1.2013;1.2009;1.201;1158
28.08.2012;1.2011;1.2012;1.2008;1.2009;1159
27.08.2012;1.201;1.2011;1.2007;1.201;1160
26.08.2012;1.2008;1.201;1.2008;1.201;1161
25.08.2012;1.2008;1.2008;1.2008;1.2008;1162
24.08.2012;1.2009;1.201;1.2008;1.2008;1163
23.08.2012;1.2011;1.2016;1.2008;1.2009;1164
22.08.2012;1.201;1.2012;1.2009;1.201;1165
21.08.2012;1.2011;1.2014;1.2009;1.201;1166
20.08.2012;1.2011;1.2013;1.201;1.2011;1167
19.08.2012;1.2011;1.2011;1.201;1.2011;1168
17.08.2012;1.2011;1.2012;1.2009;1.2011;1169
16.08.2012;1.2011;1.2016;1.2009;1.2011;1170
15.08.2012;1.2012;1.2013;1.2008;1.2011;1171
14.08.2012;1.2011;1.2012;1.201;1.2011;1172
13.08.2012;1.201;1.2012;1.201;1.2011;1173
12.08.2012;1.2009;1.201;1.2009;1.201;1174
11.08.2012;1.2009;1.2009;1.2009;1.2009;1175
10.08.2012;1.201;1.2012;1.2008;1.2009;1176
09.08.2012;1.2013;1.2014;1.2009;1.201;1177
08.08.2012;1.2013;1.2016;1.2011;1.2013;1178
07.08.2012;1.2014;1.2019;1.2011;1.2013;1179
06.08.2012;1.2016;1.2073;1.2011;1.2016;1180
05.08.2012;1.2019;1.2019;1.2013;1.2015;1181
04.08.2012;1.2019;1.2019;1.2019;1.2019;1182
03.08.2012;1.2013;1.202;1.2011;1.2019;1183
02.08.2012;1.2016;1.2029;1.2011;1.2013;1184
01.08.2012;1.2011;1.2018;1.2011;1.2016;1185
31.07.2012;1.2012;1.202;1.201;1.2012;1186
30.07.2012;1.2011;1.2012;1.201;1.2012;1187
29.07.2012;1.2012;1.2012;1.201;1.2011;1188
28.07.2012;1.2012;1.2012;1.2012;1.2011;1189
27.07.2012;1.201;1.2013;1.2008;1.2011;1190
26.07.2012;1.2011;1.2012;1.2009;1.201;1191
25.07.2012;1.2011;1.2012;1.2009;1.2011;1192
24.07.2012;1.201;1.2012;1.2009;1.2011;1193
23.07.2012;1.201;1.2011;1.2008;1.2009;1194
22.07.2012;1.2011;1.2011;1.2009;1.2011;1195
21.07.2012;1.2011;1.2011;1.2011;1.2011;1196
20.07.2012;1.201;1.2012;1.2008;1.2011;1197
19.07.2012;1.2011;1.2013;1.2009;1.201;1198
18.07.2012;1.2015;1.2015;1.2009;1.2011;1199
17.07.2012;1.201;1.2015;1.2009;1.2014;1200
16.07.2012;1.201;1.2012;1.2008;1.201;1201
15.07.2012;1.2009;1.2011;1.2006;1.201;1202
14.07.2012;1.2009;1.2009;1.2009;1.2009;1203
13.07.2012;1.2009;1.2011;1.2008;1.2009;1204
12.07.2012;1.2008;1.201;1.2008;1.2009;1205
11.07.2012;1.2009;1.2011;1.2007;1.2008;1206
10.07.2012;1.201;1.2011;1.2007;1.201;1207
09.07.2012;1.201;1.201;1.201;1.201;1208
08.07.2012;1.201;1.201;1.201;1.201;1209
06.07.2012;1.2013;1.2014;1.2009;1.201;1210
05.07.2012;1.2012;1.2017;1.201;1.2013;1211
04.07.2012;1.2011;1.2014;1.201;1.2012;1212
03.07.2012;1.2012;1.2016;1.201;1.2011;1213
02.07.2012;1.2016;1.202;1.201;1.2012;1214
01.07.2012;1.2012;1.2016;1.2012;1.2014;1215
30.06.2012;1.2012;1.2012;1.2012;1.2012;1216
29.06.2012;1.2011;1.2037;1.201;1.2012;1217
28.06.2012;1.201;1.2015;1.2009;1.2011;1218
27.06.2012;1.2011;1.2012;1.201;1.2011;1219
26.06.2012;1.201;1.2011;1.2009;1.201;1220
25.06.2012;1.2012;1.2012;1.2007;1.201;1221
24.06.2012;1.2008;1.2012;1.2008;1.2012;1222
23.06.2012;1.2008;1.2008;1.2008;1.2008;1223
22.06.2012;1.2011;1.2012;1.2008;1.2008;1224
21.06.2012;1.2011;1.2013;1.2009;1.201;1225
20.06.2012;1.201;1.2013;1.2008;1.2011;1226
19.06.2012;1.201;1.2011;1.2009;1.201;1227
18.06.2012;1.2011;1.2016;1.2009;1.201;1228
17.06.2012;1.2012;1.2013;1.2011;1.2011;1229
16.06.2012;1.2012;1.2012;1.2012;1.2011;1230
15.06.2012;1.201;1.2013;1.2009;1.2011;1231
14.06.2012;1.201;1.2021;1.2008;1.2011;1232
13.06.2012;1.2011;1.2013;1.2008;1.201;1233
12.06.2012;1.2011;1.2012;1.2007;1.2011;1234
11.06.2012;1.2011;1.2018;1.201;1.201;1235
10.06.2012;1.2012;1.2017;1.201;1.2013;1236
09.06.2012;1.2012;1.2012;1.2012;1.2012;1237
08.06.2012;1.201;1.2013;1.2008;1.2012;1238
07.06.2012;1.201;1.2016;1.201;1.201;1239
06.06.2012;1.201;1.2013;1.2007;1.201;1240
05.06.2012;1.201;1.2014;1.2009;1.2011;1241
04.06.2012;1.2013;1.2013;1.2007;1.201;1242
03.06.2012;1.2013;1.2015;1.201;1.2012;1243
02.06.2012;1.2013;1.2013;1.2013;1.2013;1244
01.06.2012;1.2011;1.2014;1.2007;1.2013;1245
31.05.2012;1.2011;1.202;1.2009;1.2011;1246
30.05.2012;1.201;1.2013;1.2009;1.2011;1247
29.05.2012;1.2019;1.2024;1.2009;1.201;1248
28.05.2012;1.2022;1.2032;1.2014;1.202;1249
27.05.2012;1.2012;1.2023;1.2012;1.2022;1250
26.05.2012;1.2012;1.2012;1.2012;1.2012;1251
25.05.2012;1.2012;1.2037;1.2006;1.2012;1252
24.05.2012;1.201;1.2076;1.201;1.2014;1253
23.05.2012;1.2013;1.2013;1.2009;1.201;1254
22.05.2012;1.2013;1.2013;1.2009;1.2012;1255
21.05.2012;1.2011;1.2014;1.201;1.2013;1256
20.05.2012;1.2012;1.2012;1.2011;1.2011;1257
19.05.2012;1.2012;1.2012;1.2012;1.2012;1258
18.05.2012;1.2011;1.2012;1.201;1.2012;1259
17.05.2012;1.201;1.2013;1.201;1.2011;1260
16.05.2012;1.2012;1.2012;1.2008;1.201;1261
15.05.2012;1.2012;1.2014;1.2009;1.2011;1262
14.05.2012;1.2013;1.2014;1.2009;1.2011;1263
13.05.2012;1.2012;1.2012;1.2012;1.2012;1264
12.05.2012;1.2012;1.2012;1.2012;1.2012;1265
11.05.2012;1.2011;1.2014;1.201;1.2012;1266
10.05.2012;1.2011;1.2015;1.201;1.2011;1267
09.05.2012;1.2012;1.2013;1.2009;1.2011;1268
08.05.2012;1.2014;1.2015;1.201;1.2011;1269
07.05.2012;1.2012;1.2015;1.201;1.2015;1270
06.05.2012;1.2013;1.2013;1.201;1.2011;1271
05.05.2012;1.2013;1.2013;1.2013;1.2013;1272
04.05.2012;1.2015;1.2016;1.2012;1.2013;1273
03.05.2012;1.2016;1.2017;1.2013;1.2014;1274
02.05.2012;1.2016;1.202;1.2011;1.2015;1275
01.05.2012;1.2014;1.2019;1.2011;1.2017;1276
30.04.2012;1.2013;1.2018;1.2012;1.2014;1277
27.04.2012;1.2015;1.2018;1.2011;1.2014;1278
26.04.2012;1.2017;1.2019;1.2014;1.2015;1279
25.04.2012;1.2014;1.202;1.2014;1.2017;1280
24.04.2012;1.2018;1.2022;1.2015;1.2017;1281
23.04.2012;1.2017;1.2022;1.2015;1.2018;1282
22.04.2012;1.2017;1.2017;1.2017;1.2017;1283
21.04.2012;1.2017;1.2017;1.2017;1.2017;1284
20.04.2012;1.2022;1.2023;1.2014;1.2017;1285
19.04.2012;1.2024;1.2024;1.2017;1.2022;1286
18.04.2012;1.2014;1.2034;1.2014;1.202;1287
17.04.2012;1.2019;1.2022;1.2014;1.2014;1288
16.04.2012;1.2025;1.2031;1.2016;1.202;1289
15.04.2012;1.2026;1.2027;1.2022;1.2024;1290
14.04.2012;1.2026;1.2026;1.2026;1.2026;1291
13.04.2012;1.2015;1.2031;1.2014;1.2026;1292
12.04.2012;1.203;1.2034;1.2013;1.2016;1293
11.04.2012;1.2016;1.2034;1.2008;1.2029;1294
10.04.2012;1.202;1.203;1.2014;1.2015;1295
09.04.2012;1.2011;1.2024;1.201;1.202;1296
08.04.2012;1.2009;1.2012;1.2009;1.2011;1297
07.04.2012;1.2009;1.2009;1.2009;1.2009;1298
06.04.2012;1.202;1.2024;1.2008;1.2009;1299
05.04.2012;1.2035;1.204;1.2;1.2018;1300
04.04.2012;1.2041;1.2049;1.2032;1.2036;1301
03.04.2012;1.2039;1.2046;1.2033;1.204;1302
02.04.2012;1.204;1.2048;1.2038;1.2039;1303
01.04.2012;1.2041;1.2041;1.2041;1.2041;1304
31.03.2012;1.2041;1.2041;1.2041;1.2041;1305
30.03.2012;1.2056;1.2057;1.2036;1.2041;1306
29.03.2012;1.2054;1.2058;1.2046;1.2056;1307
28.03.2012;1.2054;1.2065;1.2052;1.2054;1308
27.03.2012;1.2059;1.2069;1.2052;1.2054;1309
26.03.2012;1.205;1.2062;1.2048;1.206;1310
25.03.2012;1.205;1.205;1.205;1.205;1311
24.03.2012;1.205;1.205;1.205;1.205;1312
23.03.2012;1.2057;1.2058;1.2049;1.205;1313
22.03.2012;1.2057;1.2059;1.2053;1.2056;1314
21.03.2012;1.206;1.2065;1.2056;1.2057;1315
20.03.2012;1.2065;1.2069;1.2055;1.2059;1316
19.03.2012;1.2066;1.2069;1.206;1.2065;1317
18.03.2012;1.2063;1.2067;1.2063;1.2065;1318
17.03.2012;1.2063;1.2063;1.2063;1.2063;1319
16.03.2012;1.2074;1.208;1.2072;1.2075;1320
14.03.2012;1.2081;1.2146;1.2074;1.2126;1321
13.03.2012;1.2057;1.2079;1.2053;1.2078;1322
12.03.2012;1.2061;1.2063;1.2054;1.2057;1323
11.03.2012;1.2057;1.206;1.2057;1.2059;1324
10.03.2012;1.2057;1.2057;1.2057;1.2057;1325
09.03.2012;1.2056;1.2061;1.2051;1.2058;1326
08.03.2012;1.2053;1.2062;1.205;1.2055;1327
07.03.2012;1.205;1.2058;1.2049;1.2053;1328
06.03.2012;1.2059;1.2062;1.2047;1.2049;1329
05.03.2012;1.2067;1.2068;1.2053;1.2059;1330
04.03.2012;1.2067;1.2067;1.2067;1.2067;1331
03.03.2012;1.2067;1.2067;1.2067;1.2067;1332
02.03.2012;1.206;1.207;1.2053;1.2066;1333
01.03.2012;1.2053;1.2064;1.2049;1.2061;1334
29.02.2012;1.2054;1.2057;1.2048;1.2052;1335
28.02.2012;1.2051;1.2059;1.2048;1.2052;1336
27.02.2012;1.2048;1.2055;1.2044;1.2051;1337
26.02.2012;1.2053;1.2053;1.2053;1.2053;1338
25.02.2012;1.2053;1.2053;1.2053;1.2053;1339
24.02.2012;1.2051;1.2065;1.2041;1.2051;1340
23.02.2012;1.2062;1.2068;1.2047;1.2054;1341
22.02.2012;1.2076;1.2079;1.2059;1.206;1342
21.02.2012;1.207;1.2084;1.2066;1.2075;1343
20.02.2012;1.2097;1.2102;1.2067;1.2073;1344
19.02.2012;1.2087;1.2087;1.2087;1.2087;1345
18.02.2012;1.2087;1.2087;1.2087;1.2087;1346
17.02.2012;1.2071;1.2092;1.2067;1.2084;1347
16.02.2012;1.2068;1.2079;1.2064;1.207;1348
15.02.2012;1.2076;1.2083;1.2064;1.2067;1349
14.02.2012;1.2085;1.2089;1.2069;1.2075;1350
13.02.2012;1.2095;1.2102;1.2081;1.2089;1351
12.02.2012;1.2096;1.2096;1.2096;1.2096;1352
11.02.2012;1.2096;1.2096;1.2096;1.2096;1353
10.02.2012;1.2113;1.2114;1.2084;1.2092;1354
09.02.2012;1.2101;1.2115;1.2095;1.2113;1355
08.02.2012;1.2088;1.2128;1.2086;1.2101;1356
07.02.2012;1.2064;1.2102;1.2059;1.209;1357
06.02.2012;1.2073;1.2076;1.2054;1.2064;1358
05.02.2012;1.2082;1.2082;1.2082;1.2082;1359
04.02.2012;1.2082;1.2082;1.2082;1.2082;1360
03.02.2012;1.2051;1.2083;1.2047;1.2079;1361
02.02.2012;1.2046;1.2068;1.2041;1.2051;1362
01.02.2012;1.2038;1.2055;1.2032;1.2046;1363
31.01.2012;1.2055;1.2059;1.2035;1.204;1364
30.01.2012;1.2064;1.2067;1.2041;1.2052;1365
29.01.2012;1.2063;1.2063;1.2063;1.2063;1366
28.01.2012;1.2063;1.2063;1.2063;1.2063;1367
27.01.2012;1.2066;1.2085;1.2056;1.2059;1368
26.01.2012;1.2079;1.2093;1.206;1.2063;1369
25.01.2012;1.209;1.2109;1.2071;1.2081;1370
24.01.2012;1.2074;1.2093;1.2059;1.2092;1371
23.01.2012;1.2074;1.2084;1.2062;1.2077;1372
22.01.2012;1.2085;1.2085;1.2085;1.2085;1373
21.01.2012;1.2085;1.2085;1.2085;1.2085;1374
20.01.2012;1.2087;1.209;1.207;1.2085;1375
19.01.2012;1.2081;1.2091;1.207;1.2086;1376
18.01.2012;1.2095;1.2128;1.2069;1.2082;1377
17.01.2012;1.2107;1.2113;1.2089;1.2094;1378
16.01.2012;1.2071;1.2098;1.2067;1.2089;1379
15.01.2012;1.2071;1.2071;1.2071;1.2071;1380
14.01.2012;1.2071;1.2071;1.2071;1.2071;1381
13.01.2012;1.2104;1.2129;1.2063;1.2074;1382
12.01.2012;1.2125;1.213;1.2088;1.2105;1383
11.01.2012;1.2124;1.2138;1.2111;1.2123;1384
10.01.2012;1.2121;1.2148;1.2108;1.2125;1385
09.01.2012;1.215;1.215;1.215;1.215;1386
08.01.2012;1.215;1.215;1.215;1.215;1387
06.01.2012;1.2183;1.2196;1.2148;1.2149;1388
05.01.2012;1.2187;1.2196;1.2174;1.2184;1389
04.01.2012;1.2165;1.2199;1.2164;1.2187;1390
03.01.2012;1.2157;1.2196;1.2155;1.2165;1391
02.01.2012;1.2166;1.2177;1.2141;1.2156;1392
01.01.2012;1.2167;1.2167;1.2167;1.2167;1393
31.12.2011;1.2167;1.2167;1.2167;1.2167;1394
30.12.2011;1.2183;1.2188;1.2136;1.2151;1395
29.12.2011;1.2197;1.2201;1.2167;1.2186;1396
28.12.2011;1.2209;1.2222;1.2183;1.22;1397
27.12.2011;1.2225;1.2236;1.2204;1.2211;1398
26.12.2011;1.2227;1.2233;1.2213;1.2222;1399
25.12.2011;1.2226;1.2226;1.2226;1.2226;1400
24.12.2011;1.2226;1.2226;1.2226;1.2226;1401
23.12.2011;1.2215;1.2242;1.2211;1.2224;1402
22.12.2011;1.2207;1.2243;1.2201;1.2214;1403
21.12.2011;1.219;1.2239;1.217;1.221;1404
20.12.2011;1.2186;1.2208;1.2166;1.2188;1405
19.12.2011;1.2207;1.2214;1.2177;1.2182;1406
18.12.2011;1.2209;1.2209;1.2209;1.2209;1407
17.12.2011;1.2209;1.2209;1.2209;1.2209;1408
16.12.2011;1.2242;1.2253;1.2205;1.2207;1409
15.12.2011;1.2378;1.2396;1.2225;1.2237;1410
14.12.2011;1.2325;1.2377;1.23;1.2376;1411
13.12.2011;1.2356;1.2375;1.23;1.2328;1412
12.12.2011;1.2369;1.2382;1.2325;1.2358;1413
11.12.2011;1.2355;1.2355;1.2355;1.2355;1414
10.12.2011;1.2355;1.2355;1.2355;1.2355;1415
09.12.2011;1.2356;1.238;1.2314;1.2361;1416
08.12.2011;1.2388;1.2403;1.233;1.2357;1417
07.12.2011;1.2407;1.2444;1.2378;1.2387;1418
06.12.2011;1.2336;1.2429;1.2331;1.2415;1419
05.12.2011;1.2366;1.2398;1.2326;1.2332;1420
04.12.2011;1.2337;1.2337;1.2337;1.2337;1421
03.12.2011;1.2337;1.2337;1.2337;1.2337;1422
02.12.2011;1.2327;1.2372;1.2324;1.2337;1423
01.12.2011;1.229;1.2365;1.2254;1.2325;1424
30.11.2011;1.2267;1.2289;1.2232;1.2279;1425
29.11.2011;1.2288;1.2314;1.226;1.2263;1426
28.11.2011;1.2355;1.2365;1.2281;1.2282;1427
27.11.2011;1.2316;1.2316;1.2316;1.2316;1428
26.11.2011;1.2316;1.2316;1.2316;1.2316;1429
25.11.2011;1.2274;1.2379;1.2251;1.2316;1430
24.11.2011;1.2273;1.2317;1.2256;1.2269;1431
23.11.2011;1.235;1.2354;1.2263;1.2275;1432
22.11.2011;1.2373;1.2387;1.2339;1.2351;1433
21.11.2011;1.2411;1.2414;1.2354;1.2376;1434
20.11.2011;1.2397;1.2397;1.2397;1.2397;1435
19.11.2011;1.2397;1.2397;1.2397;1.2397;1436
18.11.2011;1.2408;1.2411;1.2343;1.2397;1437
17.11.2011;1.2377;1.2438;1.2368;1.2408;1438
16.11.2011;1.2391;1.2413;1.2364;1.238;1439
15.11.2011;1.2376;1.2426;1.2373;1.2389;1440
14.11.2011;1.2392;1.2416;1.2329;1.2373;1441
13.11.2011;1.2397;1.2397;1.2397;1.2397;1442
12.11.2011;1.2397;1.2397;1.2397;1.2397;1443
11.11.2011;1.2329;1.2416;1.2323;1.2397;1444
10.11.2011;1.2314;1.2384;1.2295;1.233;1445
09.11.2011;1.2379;1.2402;1.2283;1.2318;1446
08.11.2011;1.2405;1.2456;1.2337;1.2383;1447
07.11.2011;1.2268;1.2418;1.2266;1.2406;1448
06.11.2011;1.2203;1.2203;1.2203;1.2203;1449
05.11.2011;1.2203;1.2203;1.2203;1.2203;1450
04.11.2011;1.214;1.2245;1.2135;1.2203;1451
03.11.2011;1.2148;1.217;1.2131;1.2137;1452
02.11.2011;1.2149;1.2183;1.2143;1.2151;1453
01.11.2011;1.2155;1.2211;1.214;1.2153;1454
31.10.2011;1.2203;1.2229;1.2143;1.2157;1455
30.10.2011;1.2202;1.2211;1.2201;1.2207;1456
29.10.2011;1.2202;1.2202;1.2202;1.2202;1457
28.10.2011;1.2196;1.2245;1.2191;1.2202;1458
27.10.2011;1.2248;1.2288;1.2181;1.2205;1459
26.10.2011;1.2212;1.2272;1.2159;1.2248;1460
25.10.2011;1.2265;1.2285;1.2208;1.2216;1461
24.10.2011;1.2254;1.2307;1.2231;1.2267;1462
23.10.2011;1.2245;1.2245;1.2245;1.2245;1463
22.10.2011;1.2245;1.2245;1.2245;1.2245;1464
21.10.2011;1.225;1.2308;1.2214;1.2245;1465
20.10.2011;1.2435;1.2442;1.2282;1.2318;1466
19.10.2011;1.2372;1.247;1.2367;1.2417;1467
18.10.2011;1.2337;1.2379;1.2333;1.2367;1468
17.10.2011;1.2386;1.2395;1.2345;1.2354;1469
16.10.2011;1.2388;1.2388;1.2388;1.2388;1470
15.10.2011;1.2388;1.2388;1.2388;1.2388;1471
14.10.2011;1.2368;1.2404;1.2362;1.2388;1472
13.10.2011;1.2367;1.2377;1.2328;1.2369;1473
12.10.2011;1.24;1.2417;1.2323;1.2344;1474
11.10.2011;1.2322;1.2414;1.2318;1.2387;1475
10.10.2011;1.2403;1.2403;1.2403;1.2403;1476
08.10.2011;1.2403;1.2403;1.2403;1.2403;1477
07.10.2011;1.2346;1.2422;1.2337;1.2403;1478
06.10.2011;1.2321;1.2424;1.2289;1.2373;1479
05.10.2011;1.2232;1.2354;1.2221;1.2322;1480
04.10.2011;1.2146;1.2272;1.2129;1.2217;1481
03.10.2011;1.2151;1.2166;1.2124;1.2144;1482
02.10.2011;1.2141;1.2159;1.2141;1.2149;1483
01.10.2011;1.2141;1.2141;1.2141;1.2141;1484
30.09.2011;1.2199;1.22;1.2133;1.2141;1485
29.09.2011;1.2199;1.2218;1.2184;1.2196;1486
28.09.2011;1.2179;1.2226;1.2175;1.2184;1487
27.09.2011;1.2185;1.2236;1.2177;1.2188;1488
26.09.2011;1.2229;1.2229;1.2229;1.2229;1489
24.09.2011;1.2229;1.2229;1.2229;1.2229;1490
23.09.2011;1.2254;1.2282;1.2186;1.2229;1491
22.09.2011;1.2224;1.2342;1.2181;1.2229;1492
21.09.2011;1.2159;1.2302;1.2153;1.2211;1493
20.09.2011;1.2061;1.2201;1.2052;1.216;1494
19.09.2011;1.2066;1.2079;1.2051;1.2069;1495
18.09.2011;1.2093;1.2093;1.2058;1.2064;1496
17.09.2011;1.2093;1.2093;1.2093;1.2093;1497
16.09.2011;1.2071;1.2096;1.2053;1.2093;1498
15.09.2011;1.2047;1.2092;1.2037;1.2061;1499
14.09.2011;1.2043;1.205;1.2023;1.2049;1500
13.09.2011;1.2042;1.2051;1.203;1.2042;1501
12.09.2011;1.206;1.2072;1.2033;1.2042;1502
11.09.2011;1.2072;1.2072;1.2059;1.206;1503
10.09.2011;1.2072;1.2072;1.2072;1.2072;1504
09.09.2011;1.2154;1.2185;1.2058;1.2072;1505
08.09.2011;1.2093;1.218;1.2074;1.2148;1506
07.09.2011;1.2066;1.2108;1.2035;1.21;1507
06.09.2011;1.1051;1.2161;1.1019;1.2052;1508
05.09.2011;1.1173;1.1201;1.1019;1.109;1509
04.09.2011;1.1213;1.1213;1.1158;1.1164;1510
03.09.2011;1.1213;1.1213;1.1213;1.1213;1511
02.09.2011;1.1337;1.1352;1.1007;1.1213;1512
01.09.2011;1.1566;1.1608;1.1321;1.1344;1513
31.08.2011;1.1846;1.1851;1.1527;1.1587;1514
30.08.2011;1.1861;1.1897;1.1754;1.1849;1515
29.08.2011;1.172;1.1971;1.1705;1.1838;1516
28.08.2011;1.17;1.17;1.17;1.17;1517
27.08.2011;1.17;1.17;1.17;1.17;1518
26.08.2011;1.1422;1.1737;1.1396;1.17;1519
25.08.2011;1.1466;1.1517;1.1401;1.1411;1520
24.08.2011;1.1449;1.1474;1.1373;1.1465;1521
23.08.2011;1.1336;1.1453;1.1314;1.1448;1522
22.08.2011;1.1307;1.1381;1.1267;1.1351;1523
19.08.2011;1.1373;1.1391;1.1256;1.1313;1524
18.08.2011;1.141;1.1511;1.1244;1.1379;1525
17.08.2011;1.144;1.1552;1.1227;1.1401;1526
16.08.2011;1.1319;1.1482;1.1167;1.1429;1527
15.08.2011;1.1288;1.1457;1.1244;1.1331;1528
14.08.2011;1.1079;1.1079;1.1079;1.1079;1529
13.08.2011;1.1079;1.1079;1.1079;1.1079;1530
12.08.2011;1.084;1.1094;1.0687;1.1079;1531
11.08.2011;1.0264;1.0916;1.0264;1.0862;1532
10.08.2011;1.0378;1.0507;1.0262;1.0312;1533
09.08.2011;1.0695;1.075;1.0606;1.075;1534
08.08.2011;1.0887;1.0992;1.0621;1.0703;1535
07.08.2011;1.0933;1.0933;1.0933;1.0933;1536
06.08.2011;1.0933;1.0933;1.0933;1.0933;1537
05.08.2011;1.0768;1.0812;1.0757;1.0793;1538
04.08.2011;1.1062;1.1119;1.1051;1.1099;1539
03.08.2011;1.0867;1.1144;1.0798;1.1025;1540
02.08.2011;1.119;1.1198;1.0847;1.0869;1541
01.08.2011;1.1372;1.145;1.1037;1.1165;1542
31.07.2011;1.1314;1.1314;1.1314;1.1314;1543
30.07.2011;1.1314;1.1314;1.1314;1.1314;1544
29.07.2011;1.1395;1.1401;1.13;1.1314;1545
28.07.2011;1.1516;1.1523;1.1498;1.1509;1546
27.07.2011;1.1635;1.1646;1.1502;1.1518;1547
26.07.2011;1.1606;1.1661;1.1589;1.1624;1548
25.07.2011;1.1695;1.1716;1.1532;1.1593;1549
24.07.2011;1.1753;1.1753;1.1753;1.1753;1550
23.07.2011;1.1753;1.1753;1.1753;1.1753;1551
22.07.2011;1.1779;1.1889;1.1698;1.1753;1552
21.07.2011;1.1731;1.18;1.1614;1.1738;1553
20.07.2011;1.1684;1.1694;1.1611;1.1654;1554
19.07.2011;1.1536;1.1546;1.1518;1.154;1555
18.07.2011;1.145;1.1543;1.1407;1.1542;1556
17.07.2011;1.1508;1.1508;1.1405;1.1412;1557
16.07.2011;1.1508;1.1508;1.1508;1.1508;1558
15.07.2011;1.153;1.1596;1.1497;1.1508;1559
14.07.2011;1.156;1.1648;1.153;1.1545;1560
13.07.2011;1.1636;1.1722;1.1563;1.1585;1561
12.07.2011;1.1739;1.1741;1.1558;1.1607;1562
11.07.2011;1.1897;1.1909;1.1674;1.1722;1563
10.07.2011;1.1929;1.1929;1.1929;1.1929;1564
09.07.2011;1.1929;1.1929;1.1929;1.1929;1565
08.07.2011;1.2134;1.2169;1.191;1.1929;1566
07.07.2011;1.2032;1.2143;1.1978;1.2129;1567
06.07.2011;1.2135;1.2171;1.197;1.2019;1568
05.07.2011;1.2336;1.2338;1.21;1.2131;1569
04.07.2011;1.233;1.233;1.233;1.233;1570
02.07.2011;1.233;1.233;1.233;1.233;1571
01.07.2011;1.219;1.2334;1.2187;1.233;1572
30.06.2011;1.206;1.2227;1.2032;1.2188;1573
29.06.2011;1.1954;1.2058;1.1925;1.2045;1574
28.06.2011;1.1937;1.1959;1.1865;1.1955;1575
27.06.2011;1.1819;1.1955;1.1818;1.1932;1576
26.06.2011;1.1881;1.1881;1.1828;1.1829;1577
25.06.2011;1.1881;1.1881;1.1881;1.1881;1578
24.06.2011;1.196;1.1964;1.1845;1.1881;1579
23.06.2011;1.2045;1.2072;1.1848;1.1955;1580
22.06.2011;1.2107;1.2148;1.2028;1.2044;1581
21.06.2011;1.2123;1.2147;1.207;1.2108;1582
20.06.2011;1.214;1.214;1.214;1.214;1583
18.06.2011;1.214;1.214;1.214;1.214;1584
17.06.2011;1.2056;1.2145;1.1986;1.214;1585
16.06.2011;1.2091;1.2126;1.1948;1.2051;1586
15.06.2011;1.2198;1.2203;1.217;1.2185;1587
14.06.2011;1.2064;1.2251;1.2013;1.2204;1588
13.06.2011;1.2072;1.2139;1.2007;1.2066;1589
12.06.2011;1.2083;1.2083;1.2083;1.2083;1590
11.06.2011;1.2083;1.2083;1.2083;1.2083;1591
10.06.2011;1.2232;1.2233;1.206;1.2083;1592
09.06.2011;1.2204;1.2301;1.2198;1.2209;1593
08.06.2011;1.2284;1.2293;1.2178;1.2188;1594
07.06.2011;1.2184;1.2312;1.2176;1.229;1595
06.06.2011;1.2224;1.2224;1.2224;1.2224;1596
04.06.2011;1.2224;1.2224;1.2224;1.2224;1597
03.06.2011;1.2211;1.2251;1.2109;1.2224;1598
02.06.2011;1.2083;1.2118;1.2079;1.2104;1599
01.06.2011;1.2285;1.2317;1.2075;1.2075;1600
31.05.2011;1.2173;1.2311;1.2157;1.2274;1601
30.05.2011;1.2182;1.2182;1.2182;1.2182;1602
28.05.2011;1.2182;1.2182;1.2182;1.2182;1603
27.05.2011;1.2244;1.2255;1.2149;1.2182;1604
26.05.2011;1.2284;1.2359;1.2203;1.2241;1605
25.05.2011;1.2403;1.2407;1.2271;1.2293;1606
24.05.2011;1.2451;1.2468;1.2382;1.2408;1607
23.05.2011;1.2386;1.242;1.2325;1.2413;1608
20.05.2011;1.2611;1.2644;1.2405;1.2446;1609
19.05.2011;1.2566;1.2639;1.2534;1.2603;1610
18.05.2011;1.2554;1.2579;1.2521;1.2551;1611
17.05.2011;1.2522;1.2594;1.2505;1.2526;1612
16.05.2011;1.2569;1.2612;1.2524;1.2525;1613
15.05.2011;1.2587;1.2587;1.2582;1.2582;1614
14.05.2011;1.2587;1.2587;1.2587;1.2587;1615
13.05.2011;1.2591;1.2693;1.2578;1.2587;1616
12.05.2011;1.2588;1.2616;1.2552;1.259;1617
11.05.2011;1.2682;1.2698;1.259;1.26;1618
10.05.2011;1.2525;1.2687;1.2491;1.2683;1619
09.05.2011;1.2587;1.2587;1.2587;1.2587;1620
07.05.2011;1.2587;1.2587;1.2587;1.2587;1621
06.05.2011;1.2663;1.2748;1.2579;1.2587;1622
05.05.2011;1.2772;1.2793;1.2631;1.2648;1623
04.05.2011;1.2783;1.2829;1.2732;1.2777;1624
03.05.2011;1.2814;1.2838;1.2766;1.277;1625
02.05.2011;1.2817;1.2817;1.2817;1.2817;1626
30.04.2011;1.2817;1.2817;1.2817;1.2817;1627
29.04.2011;1.2957;1.296;1.2811;1.2817;1628
28.04.2011;1.2945;1.2965;1.291;1.2948;1629
27.04.2011;1.2799;1.2936;1.2795;1.2929;1630
26.04.2011;1.2827;1.2879;1.2799;1.2818;1631
25.04.2011;1.2899;1.2914;1.2824;1.2845;1632
24.04.2011;1.2887;1.2887;1.2887;1.2887;1633
23.04.2011;1.2887;1.2887;1.2887;1.2887;1634
22.04.2011;1.2899;1.2926;1.2873;1.2887;1635
21.04.2011;1.2903;1.2962;1.2802;1.2893;1636
20.04.2011;1.2918;1.2973;1.2889;1.2895;1637
19.04.2011;1.2754;1.2916;1.273;1.2898;1638
18.04.2011;1.2856;1.2887;1.273;1.2767;1639
17.04.2011;1.2875;1.2886;1.2875;1.2882;1640
16.04.2011;1.2875;1.2875;1.2875;1.2875;1641
15.04.2011;1.2943;1.2948;1.2867;1.2875;1642
14.04.2011;1.2941;1.2957;1.2846;1.2931;1643
13.04.2011;1.2994;1.3044;1.2918;1.2943;1644
12.04.2011;1.3073;1.3084;1.2963;1.2989;1645
11.04.2011;1.3162;1.3162;1.3073;1.3084;1646
10.04.2011;1.3128;1.3128;1.3128;1.3128;1647
09.04.2011;1.3128;1.3128;1.3128;1.3128;1648
08.04.2011;1.3099;1.3187;1.3097;1.3156;1649
07.04.2011;1.3154;1.3163;1.307;1.3107;1650
06.04.2011;1.3167;1.3239;1.307;1.3172;1651
05.04.2011;1.3132;1.3166;1.3056;1.3161;1652
04.04.2011;1.3152;1.3152;1.3152;1.3152;1653
02.04.2011;1.3152;1.3152;1.3152;1.3152;1654
01.04.2011;1.3023;1.3169;1.3018;1.3152;1655
31.03.2011;1.2986;1.3024;1.294;1.301;1656
30.03.2011;1.2993;1.3015;1.2962;1.2975;1657
29.03.2011;1.29;1.299;1.289;1.2987;1658
28.03.2011;1.295;1.298;1.2893;1.2922;1659
27.03.2011;1.2959;1.2959;1.2929;1.2939;1660
26.03.2011;1.2959;1.2959;1.2959;1.2959;1661
25.03.2011;1.2873;1.2959;1.2863;1.2959;1662
24.03.2011;1.281;1.2882;1.2789;1.2875;1663
23.03.2011;1.2813;1.2835;1.2738;1.2794;1664
22.03.2011;1.2876;1.288;1.2816;1.2824;1665
21.03.2011;1.2805;1.2881;1.2799;1.2879;1666
20.03.2011;1.2789;1.2789;1.2763;1.2778;1667
19.03.2011;1.2789;1.2789;1.2789;1.2789;1668
18.03.2011;1.2624;1.2804;1.2606;1.2789;1669
17.03.2011;1.2546;1.2675;1.2502;1.2599;1670
16.03.2011;1.2843;1.2854;1.2474;1.2536;1671
15.03.2011;1.2942;1.2945;1.2737;1.2828;1672
14.03.2011;1.2939;1.2971;1.2913;1.2933;1673
13.03.2011;1.2921;1.2955;1.2921;1.2953;1674
12.03.2011;1.2921;1.2921;1.2921;1.2921;1675
11.03.2011;1.2862;1.2927;1.2828;1.2921;1676
10.03.2011;1.293;1.2942;1.2835;1.2857;1677
09.03.2011;1.2996;1.3015;1.2898;1.2931;1678
08.03.2011;1.2937;1.3039;1.2933;1.3005;1679
07.03.2011;1.2956;1.2988;1.2915;1.2943;1680
06.03.2011;1.2948;1.2955;1.2943;1.2947;1681
05.03.2011;1.2948;1.2948;1.2948;1.2948;1682
04.03.2011;1.301;1.302;1.2917;1.2948;1683
03.03.2011;1.2808;1.3015;1.2792;1.3013;1684
02.03.2011;1.2783;1.2822;1.2758;1.2809;1685
01.03.2011;1.284;1.2893;1.2798;1.2799;1686
28.02.2011;1.2751;1.286;1.2728;1.2823;1687
27.02.2011;1.2763;1.2763;1.2763;1.2763;1688
26.02.2011;1.2763;1.2763;1.2763;1.2763;1689
25.02.2011;1.2783;1.2843;1.2754;1.2763;1690
24.02.2011;1.2823;1.2829;1.2708;1.2779;1691
23.02.2011;1.2821;1.2881;1.2809;1.283;1692
22.02.2011;1.2944;1.2944;1.2794;1.2817;1693
21.02.2011;1.2946;1.2976;1.2925;1.295;1694
20.02.2011;1.2946;1.2946;1.2927;1.2927;1695
19.02.2011;1.2946;1.2946;1.2946;1.2946;1696
18.02.2011;1.2935;1.2989;1.2897;1.2946;1697
17.02.2011;1.3021;1.3029;1.2902;1.2923;1698
16.02.2011;1.3043;1.3127;1.2975;1.3016;1699
15.02.2011;1.3089;1.3138;1.3038;1.3045;1700
14.02.2011;1.3159;1.3202;1.3054;1.3084;1701
13.02.2011;1.3184;1.3184;1.3164;1.3168;1702
12.02.2011;1.3184;1.3184;1.3184;1.3184;1703
11.02.2011;1.3179;1.3203;1.3127;1.3184;1704
10.02.2011;1.3151;1.3194;1.3093;1.3179;1705
09.02.2011;1.3126;1.3189;1.3125;1.3155;1706
08.02.2011;1.2979;1.3145;1.2974;1.3127;1707
07.02.2011;1.2974;1.2974;1.2974;1.2974;1708
05.02.2011;1.2974;1.2974;1.2974;1.2974;1709
04.02.2011;1.2895;1.3006;1.2881;1.2974;1710
03.02.2011;1.2984;1.3036;1.2871;1.2894;1711
02.02.2011;1.2935;1.3013;1.2874;1.2981;1712
01.02.2011;1.2939;1.2995;1.2908;1.294;1713
31.01.2011;1.2821;1.2821;1.2821;1.2821;1714
29.01.2011;1.2821;1.2821;1.2821;1.2821;1715
28.01.2011;1.2984;1.299;1.2806;1.2821;1716
27.01.2011;1.2924;1.3002;1.2893;1.2985;1717
26.01.2011;1.2897;1.2968;1.2875;1.2919;1718
25.01.2011;1.2954;1.2983;1.2827;1.2898;1719
24.01.2011;1.3053;1.3069;1.2931;1.2943;1720
23.01.2011;1.3049;1.3058;1.3039;1.3041;1721
22.01.2011;1.3049;1.3049;1.3049;1.3049;1722
21.01.2011;1.3022;1.3067;1.2978;1.3049;1723
20.01.2011;1.2862;1.3037;1.2817;1.3031;1724
19.01.2011;1.2896;1.2995;1.2846;1.2866;1725
18.01.2011;1.2814;1.2924;1.2775;1.2898;1726
17.01.2011;1.2899;1.2899;1.2899;1.2899;1727
15.01.2011;1.2899;1.2899;1.2899;1.2899;1728
14.01.2011;1.2871;1.2951;1.2851;1.2899;1729
13.01.2011;1.2698;1.2884;1.2686;1.2875;1730
12.01.2011;1.2643;1.2732;1.2584;1.2691;1731
11.01.2011;1.2526;1.2669;1.2518;1.2633;1732
10.01.2011;1.2468;1.2563;1.2435;1.2531;1733
09.01.2011;1.2485;1.2485;1.2468;1.2475;1734
08.01.2011;1.2485;1.2485;1.2485;1.2485;1735
07.01.2011;1.2541;1.2564;1.2452;1.2485;1736
06.01.2011;1.2709;1.2723;1.2524;1.2529;1737
05.01.2011;1.2618;1.2726;1.2573;1.2702;1738
04.01.2011;1.2479;1.2681;1.2456;1.2617;1739
03.01.2011;1.2456;1.2495;1.2416;1.2474;1740
02.01.2011;1.2512;1.2512;1.2512;1.2512;1741
01.01.2011;1.2512;1.2512;1.2512;1.2512;1742
31.12.2010;1.2433;1.2571;1.2425;1.2512;1743
30.12.2010;1.2493;1.2507;1.2408;1.2428;1744
29.12.2010;1.2459;1.2542;1.2458;1.2511;1745
28.12.2010;1.2643;1.2666;1.2452;1.249;1746
27.12.2010;1.2616;1.2616;1.2616;1.2616;1747
25.12.2010;1.2616;1.2616;1.2616;1.2616;1748
24.12.2010;1.2567;1.2658;1.2547;1.2616;1749
23.12.2010;1.2479;1.2636;1.2459;1.2577;1750
22.12.2010;1.2544;1.2583;1.2441;1.247;1751
21.12.2010;1.2653;1.2714;1.2548;1.2559;1752
20.12.2010;1.2771;1.2779;1.2636;1.2665;1753
19.12.2010;1.2791;1.2791;1.2766;1.2767;1754
18.12.2010;1.2791;1.2791;1.2791;1.2791;1755
17.12.2010;1.2771;1.2794;1.2721;1.2791;1756
16.12.2010;1.2791;1.2868;1.2739;1.2771;1757
15.12.2010;1.2843;1.2851;1.2759;1.279;1758
14.12.2010;1.2966;1.3002;1.2831;1.2841;1759
13.12.2010;1.2962;1.3006;1.2915;1.2963;1760
12.12.2010;1.2966;1.2966;1.2966;1.2966;1761
11.12.2010;1.2966;1.2966;1.2966;1.2966;1762
10.12.2010;1.3021;1.3033;1.296;1.2966;1763
09.12.2010;1.3069;1.3099;1.2979;1.3023;1764
08.12.2010;1.309;1.3105;1.3031;1.308;1765
07.12.2010;1.3053;1.3122;1.3043;1.3103;1766
06.12.2010;1.3084;1.3118;1.3003;1.3066;1767
05.12.2010;1.3083;1.3083;1.3051;1.3055;1768
03.12.2010;1.3117;1.317;1.3048;1.3083;1769
02.12.2010;1.3164;1.3205;1.307;1.3122;1770
01.12.2010;1.3033;1.319;1.3012;1.3174;1771
30.11.2010;1.3113;1.3131;1.294;1.3034;1772
29.11.2010;1.3282;1.3294;1.3102;1.3114;1773
28.11.2010;1.3285;1.332;1.3285;1.3319;1774
27.11.2010;1.3285;1.3285;1.3285;1.3285;1775
26.11.2010;1.3345;1.3353;1.3237;1.3285;1776
25.11.2010;1.3284;1.3387;1.326;1.3363;1777
24.11.2010;1.3342;1.3347;1.3242;1.3283;1778
23.11.2010;1.3436;1.3463;1.3297;1.3329;1779
22.11.2010;1.3639;1.3657;1.3456;1.3483;1780
21.11.2010;1.3576;1.361;1.3576;1.3609;1781
20.11.2010;1.3576;1.3576;1.3576;1.3576;1782
19.11.2010;1.3596;1.3673;1.354;1.3576;1783
18.11.2010;1.3427;1.3596;1.3421;1.3586;1784
17.11.2010;1.3444;1.3466;1.3387;1.3415;1785
16.11.2010;1.3374;1.3442;1.337;1.343;1786
15.11.2010;1.3406;1.3471;1.3365;1.3376;1787
14.11.2010;1.3422;1.3422;1.3409;1.3412;1788
13.11.2010;1.3422;1.3422;1.3422;1.3422;1789
12.11.2010;1.33;1.3438;1.3231;1.3422;1790
11.11.2010;1.337;1.3398;1.3258;1.3331;1791
10.11.2010;1.3335;1.3426;1.3277;1.3376;1792
09.11.2010;1.3409;1.3438;1.3325;1.3336;1793
08.11.2010;1.352;1.3529;1.3408;1.3443;1794
07.11.2010;1.3501;1.3519;1.3501;1.3519;1795
06.11.2010;1.3501;1.3501;1.3501;1.3501;1796
05.11.2010;1.3633;1.3635;1.3442;1.3501;1797
04.11.2010;1.3733;1.3802;1.3586;1.3624;1798
03.11.2010;1.3745;1.3769;1.3704;1.3723;1799
02.11.2010;1.3798;1.3822;1.3687;1.3742;1800
01.11.2010;1.3724;1.3834;1.3724;1.3782;1801
31.10.2010;1.3698;1.3718;1.3698;1.3718;1802
30.10.2010;1.3698;1.3698;1.3698;1.3698;1803
29.10.2010;1.3723;1.3738;1.3647;1.3698;1804
28.10.2010;1.3648;1.3705;1.3615;1.3699;1805
27.10.2010;1.3636;1.3693;1.3609;1.3637;1806
26.10.2010;1.3554;1.3687;1.3551;1.3638;1807
25.10.2010;1.3651;1.3672;1.3546;1.3561;1808
24.10.2010;1.3645;1.3645;1.3607;1.3618;1809
23.10.2010;1.3645;1.3645;1.3645;1.3645;1810
22.10.2010;1.3469;1.3649;1.346;1.3645;1811
21.10.2010;1.3445;1.3531;1.3394;1.3477;1812
20.10.2010;1.3312;1.3442;1.3311;1.3433;1813
19.10.2010;1.34;1.3453;1.3312;1.3337;1814
18.10.2010;1.338;1.3404;1.3308;1.3383;1815
17.10.2010;1.3382;1.3399;1.3382;1.3395;1816
15.10.2010;1.3402;1.3481;1.3366;1.3382;1817
14.10.2010;1.3384;1.3435;1.3341;1.342;1818
13.10.2010;1.3328;1.3421;1.3318;1.3382;1819
12.10.2010;1.3391;1.3415;1.3268;1.3326;1820
11.10.2010;1.3465;1.3478;1.3375;1.339;1821
10.10.2010;1.3426;1.3448;1.3426;1.3447;1822
09.10.2010;1.3426;1.3426;1.3426;1.3426;1823
08.10.2010;1.3455;1.3494;1.3365;1.3426;1824
07.10.2010;1.3395;1.3488;1.3364;1.345;1825
06.10.2010;1.3374;1.3415;1.3322;1.3399;1826
05.10.2010;1.3266;1.3393;1.3266;1.3374;1827
04.10.2010;1.3441;1.3466;1.3292;1.3305;1828
03.10.2010;1.3436;1.3443;1.3435;1.3435;1829
02.10.2010;1.3436;1.3436;1.3436;1.3436;1830
01.10.2010;1.3383;1.3462;1.3361;1.3436;1831
30.09.2010;1.3309;1.3409;1.3267;1.3399;1832
29.09.2010;1.3252;1.3346;1.3239;1.3323;1833
28.09.2010;1.3239;1.3293;1.3167;1.3261;1834
27.09.2010;1.326;1.3296;1.3235;1.325;1835
26.09.2010;1.3289;1.3289;1.3252;1.3255;1836
25.09.2010;1.3289;1.3289;1.3289;1.3289;1837
24.09.2010;1.3119;1.329;1.3074;1.3289;1838
23.09.2010;1.3217;1.3248;1.3102;1.3126;1839
22.09.2010;1.3234;1.3272;1.3187;1.3215;1840
21.09.2010;1.3123;1.3224;1.3115;1.3208;1841
20.09.2010;1.3181;1.323;1.3115;1.3128;1842
19.09.2010;1.3165;1.3165;1.3165;1.3165;1843
18.09.2010;1.3165;1.3165;1.3165;1.3165;1844
17.09.2010;1.3276;1.339;1.3142;1.3165;1845
16.09.2010;1.3038;1.3302;1.2991;1.3286;1846
15.09.2010;1.2949;1.3067;1.2933;1.3054;1847
14.09.2010;1.2969;1.2977;1.2875;1.2947;1848
13.09.2010;1.2987;1.3038;1.2954;1.2972;1849
12.09.2010;1.2987;1.299;1.2986;1.2987;1850
10.09.2010;1.2874;1.3072;1.2865;1.2959;1851
09.09.2010;1.2873;1.2927;1.2822;1.2897;1852
08.09.2010;1.2836;1.2919;1.2768;1.2866;1853
07.09.2010;1.2944;1.2964;1.2812;1.2818;1854
06.09.2010;1.311;1.3133;1.3022;1.3032;1855
04.09.2010;1.3112;1.3112;1.3112;1.3112;1856
03.09.2010;1.2988;1.3162;1.2974;1.3112;1857
02.09.2010;1.3009;1.304;1.2943;1.299;1858
01.09.2010;1.2873;1.3041;1.2872;1.3004;1859
31.08.2010;1.2986;1.2986;1.2852;1.2866;1860
30.08.2010;1.3117;1.3146;1.2982;1.2994;1861
29.08.2010;1.3113;1.3113;1.3113;1.3113;1862
27.08.2010;1.301;1.3118;1.2993;1.3113;1863
26.08.2010;1.3051;1.3143;1.3014;1.3029;1864
25.08.2010;1.3032;1.3082;1.2972;1.3045;1865
24.08.2010;1.3161;1.3178;1.3051;1.3061;1866
23.08.2010;1.3145;1.3191;1.3106;1.3173;1867
22.08.2010;1.315;1.3153;1.3146;1.3149;1868
20.08.2010;1.3219;1.324;1.3142;1.3158;1869
19.08.2010;1.336;1.34;1.3208;1.3234;1870
18.08.2010;1.3442;1.3442;1.3359;1.3398;1871
17.08.2010;1.3319;1.3457;1.3301;1.3443;1872
16.08.2010;1.3421;1.3451;1.3273;1.3333;1873
15.08.2010;1.3421;1.3423;1.3412;1.3412;1874
13.08.2010;1.3474;1.3539;1.3421;1.3422;1875
12.08.2010;1.3615;1.3664;1.3461;1.3474;1876
11.08.2010;1.3804;1.3816;1.3597;1.3637;1877
10.08.2010;1.3869;1.3924;1.3799;1.3821;1878
09.08.2010;1.3795;1.3795;1.3795;1.3795;1879
07.08.2010;1.3792;1.3792;1.3792;1.3792;1880
06.08.2010;1.3794;1.3845;1.3748;1.3792;1881
05.08.2010;1.3864;1.3876;1.3754;1.3794;1882
04.08.2010;1.375;1.3867;1.373;1.386;1883
03.08.2010;1.3691;1.3752;1.3663;1.3752;1884
02.08.2010;1.3622;1.3698;1.3593;1.369;1885
31.07.2010;1.3576;1.3576;1.3576;1.3576;1886
30.07.2010;1.3592;1.3636;1.3512;1.3576;1887
29.07.2010;1.3737;1.3756;1.3582;1.3611;1888
28.07.2010;1.3783;1.3818;1.3717;1.373;1889
27.07.2010;1.3627;1.3796;1.3627;1.3783;1890
26.07.2010;1.3611;1.3632;1.3547;1.3624;1891
25.07.2010;1.3603;1.3605;1.3589;1.3589;1892
24.07.2010;1.3605;1.3605;1.3605;1.3605;1893
23.07.2010;1.3455;1.3609;1.342;1.3605;1894
22.07.2010;1.3403;1.3462;1.3343;1.3444;1895
21.07.2010;1.3563;1.3579;1.3395;1.3407;1896
20.07.2010;1.3639;1.3677;1.3503;1.3567;1897
19.07.2010;1.352;1.3672;1.3509;1.366;1898
18.07.2010;1.3593;1.3593;1.3533;1.3538;1899
17.07.2010;1.3593;1.3593;1.3593;1.3593;1900
16.07.2010;1.347;1.3622;1.3457;1.3593;1901
15.07.2010;1.3405;1.3484;1.3381;1.3478;1902
14.07.2010;1.3423;1.3491;1.3409;1.3416;1903
13.07.2010;1.3372;1.3415;1.3312;1.3412;1904
12.07.2010;1.3334;1.3411;1.3304;1.3352;1905
11.07.2010;1.3357;1.3358;1.3357;1.3358;1906
09.07.2010;1.3325;1.3397;1.3309;1.3348;1907
08.07.2010;1.3263;1.3355;1.3261;1.3326;1908
07.07.2010;1.3386;1.339;1.3265;1.3293;1909
06.07.2010;1.3334;1.3412;1.3284;1.3373;1910
05.07.2010;1.3364;1.3364;1.3364;1.3364;1911
03.07.2010;1.3364;1.3364;1.3364;1.3364;1912
02.07.2010;1.3272;1.3433;1.3223;1.3364;1913
01.07.2010;1.3188;1.3384;1.3074;1.3273;1914
30.06.2010;1.3193;1.3287;1.3178;1.3186;1915
29.06.2010;1.336;1.3363;1.3168;1.3186;1916
28.06.2010;1.3529;1.3529;1.3529;1.3529;1917
26.06.2010;1.3542;1.3542;1.3542;1.3542;1918
25.06.2010;1.3593;1.36;1.3465;1.3542;1919
24.06.2010;1.3606;1.3628;1.3556;1.359;1920
23.06.2010;1.3593;1.3615;1.3546;1.3609;1921
22.06.2010;1.3675;1.3686;1.3586;1.3593;1922
21.06.2010;1.3718;1.3762;1.3687;1.3708;1923
20.06.2010;1.3742;1.3742;1.3741;1.3741;1924
18.06.2010;1.3767;1.3785;1.3718;1.3722;1925
17.06.2010;1.3912;1.3913;1.3743;1.3769;1926
16.06.2010;1.3958;1.3967;1.3863;1.3908;1927
15.06.2010;1.3954;1.404;1.3913;1.3974;1928
14.06.2010;1.3962;1.3984;1.3875;1.3964;1929
13.06.2010;1.3907;1.3929;1.3907;1.3926;1930
12.06.2010;1.3907;1.3907;1.3907;1.3907;1931
11.06.2010;1.3862;1.3947;1.3817;1.3907;1932
10.06.2010;1.3764;1.3869;1.3747;1.3852;1933
09.06.2010;1.379;1.3807;1.3741;1.3765;1934
08.06.2010;1.3865;1.391;1.3752;1.3779;1935
07.06.2010;1.3888;1.3942;1.385;1.3863;1936
06.06.2010;1.3902;1.3902;1.3902;1.3902;1937
05.06.2010;1.3902;1.3902;1.3902;1.3902;1938
04.06.2010;1.4064;1.4091;1.3872;1.3902;1939
03.06.2010;1.4147;1.4177;1.4056;1.4062;1940
02.06.2010;1.4143;1.4162;1.4121;1.4137;1941
01.06.2010;1.4185;1.4217;1.4151;1.4156;1942
31.05.2010;1.4226;1.4259;1.4172;1.4213;1943
30.05.2010;1.4225;1.4225;1.4225;1.4225;1944
28.05.2010;1.4251;1.4307;1.4212;1.4225;1945
27.05.2010;1.4119;1.4274;1.4118;1.4232;1946
26.05.2010;1.4276;1.4289;1.4126;1.4128;1947
25.05.2010;1.4317;1.4322;1.4209;1.4273;1948
24.05.2010;1.4406;1.4445;1.4314;1.4331;1949
23.05.2010;1.4447;1.4447;1.4447;1.4447;1950
22.05.2010;1.4447;1.4447;1.4447;1.4447;1951
21.05.2010;1.4408;1.4589;1.4364;1.4447;1952
20.05.2010;1.4274;1.4454;1.4143;1.4379;1953
19.05.2010;1.4005;1.4306;1.4005;1.4274;1954
18.05.2010;1.4024;1.4047;1.4005;1.4006;1955
17.05.2010;1.4006;1.4026;1.4004;1.402;1956
16.05.2010;1.4008;1.4008;1.4008;1.4008;1957
15.05.2010;1.4008;1.4008;1.4008;1.4008;1958
14.05.2010;1.401;1.4029;1.4005;1.4008;1959
13.05.2010;1.403;1.4071;1.4004;1.4007;1960
12.05.2010;1.4046;1.4117;1.4017;1.4027;1961
11.05.2010;1.4154;1.4186;1.4035;1.4081;1962
10.05.2010;1.4209;1.4334;1.4176;1.419;1963
09.05.2010;1.4112;1.4203;1.4112;1.4203;1964
08.05.2010;1.4112;1.4112;1.4112;1.4112;1965
07.05.2010;1.4089;1.4187;1.4054;1.4112;1966
06.05.2010;1.4328;1.4344;1.4006;1.4059;1967
05.05.2010;1.4326;1.4337;1.4325;1.4327;1968
04.05.2010;1.4326;1.4336;1.4325;1.4326;1969
03.05.2010;1.4338;1.4338;1.4325;1.4325;1970
02.05.2010;1.4329;1.4329;1.4329;1.4329;1971
01.05.2010;1.4329;1.4329;1.4329;1.4329;1972
30.04.2010;1.4343;1.4355;1.4326;1.4329;1973
29.04.2010;1.4337;1.4352;1.433;1.4339;1974
28.04.2010;1.4329;1.4347;1.4325;1.4336;1975
27.04.2010;1.4356;1.4367;1.4329;1.4331;1976
26.04.2010;1.4352;1.4363;1.4335;1.4356;1977
25.04.2010;1.4355;1.4355;1.4348;1.4354;1978
24.04.2010;1.4355;1.4355;1.4355;1.4355;1979
23.04.2010;1.4326;1.4361;1.4325;1.4355;1980
22.04.2010;1.4329;1.4344;1.4325;1.433;1981
21.04.2010;1.4351;1.4354;1.4315;1.4333;1982
20.04.2010;1.4339;1.4362;1.4332;1.4357;1983
19.04.2010;1.434;1.4359;1.433;1.4339;1984
18.04.2010;1.4328;1.433;1.4326;1.4328;1985
17.04.2010;1.4328;1.4328;1.4328;1.4328;1986
16.04.2010;1.4338;1.4343;1.4325;1.4329;1987
15.04.2010;1.4358;1.4365;1.4331;1.4342;1988
14.04.2010;1.4353;1.4387;1.4341;1.4362;1989
13.04.2010;1.4402;1.4409;1.433;1.4342;1990
12.04.2010;1.4409;1.4465;1.4379;1.4395;1991
11.04.2010;1.4383;1.4383;1.4373;1.4373;1992
10.04.2010;1.4383;1.4383;1.4383;1.4383;1993
09.04.2010;1.4334;1.4387;1.4328;1.4383;1994
08.04.2010;1.4325;1.4343;1.4323;1.4336;1995
07.04.2010;1.4321;1.4349;1.432;1.4329;1996
06.04.2010;1.4324;1.4329;1.4319;1.4322;1997
05.04.2010;1.4322;1.4339;1.4316;1.4322;1998
04.04.2010;1.433;1.4338;1.4325;1.433;1999
03.04.2010;1.4324;1.4324;1.4324;1.4324;2000
02.04.2010;1.432;1.4351;1.4313;1.4324;2001
01.04.2010;1.4238;1.4411;1.4145;1.4323;2002
31.03.2010;1.4308;1.4322;1.421;1.4238;2003
30.03.2010;1.4322;1.4343;1.4305;1.431;2004
29.03.2010;1.4301;1.4301;1.4301;1.4301;2005
27.03.2010;1.43;1.43;1.43;1.43;2006
26.03.2010;1.4259;1.4312;1.4253;1.43;2007
25.03.2010;1.429;1.4297;1.4254;1.4261;2008
24.03.2010;1.427;1.4307;1.4233;1.4289;2009
23.03.2010;1.4347;1.4373;1.4264;1.4274;2010
22.03.2010;1.4343;1.4371;1.4309;1.4347;2011
21.03.2010;1.4352;1.4367;1.4352;1.4357;2012
19.03.2010;1.4393;1.4406;1.4319;1.4352;2013
18.03.2010;1.4483;1.4487;1.4356;1.4395;2014
17.03.2010;1.4524;1.4535;1.4476;1.4482;2015
16.03.2010;1.4521;1.4529;1.4507;1.4522;2016
15.03.2010;1.4574;1.4579;1.4508;1.4522;2017
14.03.2010;1.4565;1.4573;1.4565;1.4573;2018
12.03.2010;1.4616;1.4624;1.4562;1.4565;2019
11.03.2010;1.4613;1.4613;1.4612;1.4613;2020
10.03.2010;1.4624;1.463;1.4611;1.4613;2021
09.03.2010;1.4631;1.4636;1.462;1.4622;2022
08.03.2010;1.4634;1.4634;1.4634;1.4634;2023
06.03.2010;1.4632;1.4632;1.4632;1.4632;2024
05.03.2010;1.4629;1.4634;1.4627;1.4632;2025
04.03.2010;1.4627;1.4636;1.4625;1.4627;2026
03.03.2010;1.4634;1.4637;1.4625;1.4625;2027
02.03.2010;1.4636;1.4653;1.4624;1.4633;2028
01.03.2010;1.4636;1.4646;1.4625;1.4635;2029
28.02.2010;1.4627;1.4627;1.4627;1.4627;2030
27.02.2010;1.4627;1.4627;1.4627;1.4627;2031
26.02.2010;1.4635;1.4642;1.4626;1.4627;2032
25.02.2010;1.4635;1.4638;1.4635;1.4638;2033
24.02.2010;1.4642;1.4651;1.4627;1.4635;2034
23.02.2010;1.463;1.4635;1.463;1.4633;2035
22.02.2010;1.4648;1.4652;1.4648;1.4652;2036
21.02.2010;1.4642;1.4652;1.4642;1.4651;2037
20.02.2010;1.4642;1.4642;1.4642;1.4642;2038
19.02.2010;1.466;1.4675;1.4641;1.4642;2039
18.02.2010;1.4667;1.4685;1.4646;1.4655;2040
17.02.2010;1.4676;1.4695;1.4666;1.4667;2041
16.02.2010;1.4656;1.4686;1.4655;1.4682;2042
15.02.2010;1.4659;1.4681;1.4655;1.4658;2043
14.02.2010;1.4663;1.4663;1.4663;1.4663;2044
13.02.2010;1.4663;1.4663;1.4663;1.4663;2045
12.02.2010;1.4659;1.4701;1.4638;1.4663;2046
11.02.2010;1.4668;1.4676;1.4655;1.4661;2047
10.02.2010;1.4685;1.4691;1.4653;1.4668;2048
09.02.2010;1.4656;1.4694;1.4655;1.4679;2049
08.02.2010;1.4676;1.4692;1.4648;1.4654;2050
06.02.2010;1.4662;1.4662;1.4662;1.4662;2051
05.02.2010;1.4649;1.4814;1.4565;1.4662;2052
04.02.2010;1.4713;1.4718;1.4644;1.4644;2053
03.02.2010;1.4743;1.4756;1.4717;1.472;2054
02.02.2010;1.4717;1.4745;1.4708;1.4734;2055
01.02.2010;1.4718;1.474;1.4707;1.4713;2056
31.01.2010;1.4704;1.4705;1.4697;1.4705;2057
30.01.2010;1.4709;1.4709;1.4709;1.4709;2058
29.01.2010;1.4694;1.4763;1.4638;1.4709;2059
28.01.2010;1.473;1.474;1.4695;1.4701;2060
27.01.2010;1.4731;1.4741;1.4712;1.4726;2061
26.01.2010;1.4718;1.4744;1.4709;1.4729;2062
25.01.2010;1.4742;1.4742;1.4709;1.4714;2063
24.01.2010;1.4718;1.4718;1.4718;1.4718;2064
23.01.2010;1.4718;1.4718;1.4718;1.4718;2065
22.01.2010;1.4694;1.473;1.4684;1.4718;2066
21.01.2010;1.473;1.4741;1.4678;1.4692;2067
20.01.2010;1.4752;1.4773;1.4727;1.4728;2068
19.01.2010;1.4751;1.4783;1.4743;1.476;2069
18.01.2010;1.4756;1.4779;1.4738;1.4745;2070
17.01.2010;1.4753;1.4758;1.4753;1.4757;2071
16.01.2010;1.4764;1.4764;1.4764;1.4764;2072
15.01.2010;1.4775;1.4783;1.4747;1.4764;2073
14.01.2010;1.478;1.4812;1.4758;1.4772;2074
13.01.2010;1.4753;1.4802;1.475;1.4776;2075
12.01.2010;1.4756;1.4773;1.4739;1.4758;2076
11.01.2010;1.4762;1.4794;1.4741;1.4753;2077
10.01.2010;1.4755;1.4755;1.4755;1.4755;2078
08.01.2010;1.4803;1.4829;1.4746;1.4755;2079
07.01.2010;1.4802;1.4841;1.4776;1.4798;2080
06.01.2010;1.4851;1.4859;1.4796;1.4813;2081
05.01.2010;1.4848;1.4877;1.4829;1.4854;2082
04.01.2010;1.4837;1.4891;1.4813;1.4844;2083
03.01.2010;1.4849;1.4849;1.4849;1.4849;2084
02.01.2010;1.4849;1.4849;1.4849;1.4849;2085
01.01.2010;1.4849;1.4849;1.4849;1.4849;2086
31.12.2009;1.4866;1.4877;1.4823;1.4849;2087
30.12.2009;1.4886;1.4895;1.4859;1.4865;2088
29.12.2009;1.4888;1.4903;1.4855;1.4879;2089
28.12.2009;1.4909;1.492;1.4876;1.4879;2090
27.12.2009;1.4898;1.4898;1.4898;1.4898;2091
26.12.2009;1.4898;1.4898;1.4898;1.4898;2092
25.12.2009;1.4898;1.4898;1.4898;1.4898;2093
24.12.2009;1.4899;1.4924;1.4881;1.4898;2094
23.12.2009;1.4949;1.4961;1.4877;1.4895;2095
22.12.2009;1.4939;1.4991;1.4929;1.4943;2096
21.12.2009;1.4913;1.497;1.4907;1.4943;2097
19.12.2009;1.495;1.495;1.495;1.495;2098
18.12.2009;1.5014;1.5018;1.4914;1.495;2099
17.12.2009;1.5093;1.5097;1.501;1.5017;2100
16.12.2009;1.5128;1.5139;1.5085;1.5095;2101
15.12.2009;1.512;1.5125;1.5119;1.5124;2102
14.12.2009;1.5127;1.5141;1.5113;1.5123;2103
13.12.2009;1.5128;1.5128;1.5128;1.5128;2104
12.12.2009;1.5128;1.5128;1.5128;1.5128;2105
11.12.2009;1.5118;1.5136;1.5113;1.5128;2106
10.12.2009;1.5122;1.5132;1.5109;1.5115;2107
09.12.2009;1.5104;1.5121;1.5099;1.5121;2108
08.12.2009;1.512;1.5123;1.5102;1.5104;2109
07.12.2009;1.5105;1.513;1.5099;1.5117;2110
06.12.2009;1.51;1.51;1.51;1.51;2111
05.12.2009;1.51;1.51;1.51;1.51;2112
04.12.2009;1.5073;1.5111;1.5058;1.51;2113
03.12.2009;1.5078;1.5078;1.5076;1.5076;2114
02.12.2009;1.5077;1.5084;1.5069;1.5077;2115
01.12.2009;1.5087;1.509;1.5085;1.5089;2116
30.11.2009;1.5075;1.5091;1.5052;1.5086;2117
29.11.2009;1.505;1.505;1.505;1.505;2118
28.11.2009;1.505;1.505;1.505;1.505;2119
27.11.2009;1.5061;1.5098;1.5041;1.505;2120
26.11.2009;1.5083;1.5085;1.5078;1.5079;2121
25.11.2009;1.5094;1.5096;1.5079;1.5084;2122
